Workbook

Sheet Nates Projections
A1: To use this sheet, you will need to make a copy first to be able to edit (File -> Make a copy). Enter "Yes" if the category is used in your league or "No" if it is not in the "Category Used?" row. Then use the "Weight" row to assign a points weight to each category. You only need to enter information into the cells highlighted in red. The rows highlighted in green will output the total number of projected Fantasy Points and the projected Fantasy Points per game played for your league. | P1: Selections for VORP / Positional Eligibility / Off-Nights Effects | AD1: VORP F Number | AE1: VORP D Number
P2: VORP On? | R2: Positional Eligibility | U2: Off-Nights Effects | X2: # of Teams | Z2: # of Starting F | AA2: # of Starting D | AC2: Rank | AD2: =X3*Z3 -> 120 | AE2: =X3*AA3 -> 48
P3: Yes | R3: Medium Effect | U3: Medium Effect | X3: 12 | Z3: 10 | AA3: 4 | AC3: FPts per GP | AD3: =VLOOKUP(AD2,CALC!$Y$3:$AA$494,2,FALSE) -> 5.7566071 | AE3: =VLOOKUP(AE2,CALC!$Y$3:$AA$494,3,FALSE) -> 4.914619
A4: Category Used? Yes/No | F4: Yes | G4: Yes | H4: Yes | I4: Yes | J4: Yes | K4: Yes | L4: Yes | M4: Yes | N4: Yes | O4: Yes | P4: All numbers below in these columns are generated automatically by the spreadsheet
A5: Weight | F5: 5 | G5: 3.75 | H5: 1 | I5: 0.5 | J5: 0.5 | K5: 0.3 | L5: 0.6 | M5: 1 | N5: 1 | O5: 0
A6: Player | B6: Info | E6: Projections - Nate
A7: Name | B7: Team | C7: Y! Pos | D7: Proj PP | E7: GP | F7: G | G7: A | H7: PTS | I7: PPP | J7: SOG | K7: HIT | L7: BLK | M7: PIM | N7: S% | O7: ATOI | P7: G | Q7: A | R7: PTS | S7: PPP | T7: SOG | U7: HIT | V7: BLK | W7: PIM | X7: S% | Y7: ATOI | Z7: FPTS - Total | AA7: FPTS per GP | AB7: =IF(AND(P3="Yes",R3="Full Effect",U3="Full Effect"),AJ7,IF(AND(P3="Yes",R3="Medium Effect",U3="Full Effect"),AJ7,IF(AND(P3="Yes",R3="Full Effect",U3="Medium Effect"),AJ7,IF(AND(P3="Yes",R3="Medium Effect",U3="Medium Effect"),AJ7,IF(AND(P3="Yes",R3="No Effect",U3="Medium Effect"),AI7,IF(AND(P3="Yes",R3="No Effect",U3="Full Effect"),AI7,IF(AND(P3="Yes",R3="Medium Effect",U3="No Effect"),AH7,IF(AND(P3="Yes",R3="Full Effect",U3="No Effect"),AH7,IF(AND(P3="No",R3="Full Effect",U3="Full Effect"),AF7,IF(AND(P3="No",R3="Medium Effect",U3="Full Effect"),AF7,IF(AND(P3="No",R3="Full Effect",U3="Medium Effect"),AF7,IF(AND(P3="No",R3="Medium Effect",U3="Medium Effect"),AF7,IF(AND(P3="No",R3="No Effect",U3="Medium Effect"),AE7,IF(AND(P3="No",R3="No Effect",U3="Full Effect"),AE7,IF(AND(P3="No",R3="Medium Effect",U3="No Effect"),AD7,IF(AND(P3="No",R3="Full Effect",U3="No Effect"),AD7,IF(AND(P3="Yes",R3="No Effect",U3="No Effect"),AG7,"No Change"))))))))))))))))) -> VORP + PE + ONE | AD7: FPts per GP + PE | AE7: FPts per GP + ONE | AF7: FPts per GP + PE + ONE | AG7: VORP | AH7: VORP + PE | AI7: VORP + ONE | AJ7: VORP + PE + ONE | AL7: Full Pos | AM7: Med Pos | AN7: Full Off | AO7: Med Off | AQ7: FPts per GP + MPE | AR7: FPts per GP + FPE | AS7: FPts per GP + MONE | AT7: FPts per GP + FONE | AU7: FPts per GP + MPE + MONE | AV7: FPts per GP + MPE + FONE | AW7: FPts per GP + FPE + MONE | AX7: FPts per GP + FPE + FONE | AY7: VORP | AZ7: VORP + MPE | BA7: VORP + FPE | BB7: VORP + MONE | BC7: VORP + FONE | BD7: VORP + MPE + MONE | BE7: VORP + MPE + FONE | BF7: VORP + FPE + MONE | BG7: VORP + FPE + FONE
A8: Nathan Mackinnon | B8: COL | C8: =VLOOKUP(A8,CALC!$A$2:$C$494,3,FALSE) -> C | D8: 1 | E8: 84 | F8: 45.3 | G8: 83.7 | H8: 129.1 | I8: 35.7 | J8: 359.8 | K8: 58.1 | L8: 44.1 | M8: 30.8 | N8: 0.126 | O8: 22 | P8: =IF(F$4="Yes",F8*F$5,0) -> 226.5 | Q8: =IF(G$4="Yes",G8*G$5,0) -> 313.875 | R8: =IF(H$4="Yes",H8*H$5,0) -> 129.1 | S8: =IF(I$4="Yes",I8*I$5,0) -> 17.85 | T8: =IF(J$4="Yes",J8*J$5,0) -> 179.9 | U8: =IF(K$4="Yes",K8*K$5,0) -> 17.43 | V8: =IF(L$4="Yes",L8*L$5,0) -> 26.46 | W8: =IF(M$4="Yes",M8*M$5,0) -> 30.8 | ... Y8: =IF(O$4="Yes",O8*O$5,0) -> 0 | Z8: =SUM(P8:Y8) -> 942.041 | AA8: =Z8/E8 -> 11.214774 | AB8: =IF(AND($P$3="Yes",$R$3="Full Effect",$U$3="Full Effect"),$BG8,IF(AND($P$3="Yes",$R$3="Medium Effect",$U$3="Full Effect"),$BE8,IF(AND($P$3="Yes",$R$3="Full Effect",$U$3="Medium Effect"),$BF8,IF(AND($P$3="Yes",$R$3="Medium Effect",$U$3="Medium Effect"),$BD8,IF(AND($P$3="Yes",$R$3="No Effect",$U$3="Medium Effect"),$BB8,IF(AND($P$3="Yes",$R$3="No Effect",$U$3="Full Effect"),$BC8,IF(AND($P$3="Yes",$R$3="Medium Effect",$U$3="No Effect"),$AZ8,IF(AND($P$3="Yes",$R$3="Full Effect",$U$3="No Effect"),$BA8,IF(AND($P$3="No",$R$3="Full Effect",$U$3="Full Effect"),$AX8,IF(AND($P$3="No",$R$3="Medium Effect",$U$3="Full Effect"),$AV8,IF(AND($P$3="No",$R$3="Full Effect",$U$3="Medium Effect"),$AW8,IF(AND($P$3="No",$R$3="Medium Effect",$U$3="Medium Effect"),$AU8,IF(AND($P$3="No",$R$3="No Effect",$U$3="Medium Effect"),$AS8,IF(AND($P$3="No",$R$3="No Effect",$U$3="Full Effect"),$AT8,IF(AND($P$3="No",$R$3="Medium Effect",$U$3="No Effect"),$AQ8,IF(AND($P$3="No",$R$3="Full Effect",$U$3="No Effect"),$AR8,IF(AND($P3="Yes",$R$3="No Effect",$U$3="No Effect"),$AY8,"Use FPTS per GP"))))))))))))))))) -> 5.7234336 | AL8: =IFERROR(VLOOKUP(C8,CALC!$K$2:$M$8,2,FALSE),1) -> 0.96 | AM8: =IFERROR(VLOOKUP(C8,CALC!$K$2:$M$8,3,FALSE),1) -> 0.98 | AN8: =VLOOKUP(B8,CALC!$E$2:$H$33,3,FALSE) -> 1.14 | AO8: =VLOOKUP(B8,CALC!$E$2:$H$33,4,FALSE) -> 1.07 | AQ8: =$AA8*AM8 -> 10.990478 | AR8: =$AA8*AL8 -> 10.766183 | AS8: =$AA8*AO8 -> 11.999808 | AT8: =$AA8*AN8 -> 12.784842 | AU8: =$AA8*AM8*AO8 -> 11.759812 | AV8: =$AA8*AM8*AN8 -> 12.529145 | AW8: =$AA8*AL8*AO8 -> 11.519816 | AX8: =$AA8*AL8*AN8 -> 12.273448 | AY8: =IF($C8="D",$AA8-$AE$3,$AA8-$AD$3) -> 5.4581667 | AZ8: =$AY8*AM8 -> 5.3490033 | BA8: =$AY8*AL8 -> 5.23984 | BB8: =$AY8*AO8 -> 5.8402383 | BC8: =$AY8*AN8 -> 6.22231 | BD8: =$AY8*AM8*AO8 -> 5.7234336 | BE8: =$AY8*AM8*AN8 -> 6.0978638 | BF8: =$AY8*AL8*AO8 -> 5.6066288 | BG8: =$AY8*AL8*AN8 -> 5.9734176
A9: Connor McDavid | B9: EDM | C9: =VLOOKUP(A9,CALC!$A$2:$C$494,3,FALSE) -> C | D9: 1 | E9: 84 | F9: 43.4 | G9: 88 | H9: 131.5 | I9: 48.5 | J9: 286.3 | K9: 53.4 | L9: 28.4 | M9: 36.9 | N9: 0.152 | O9: 22 | P9: =IF(F$4="Yes",F9*F$5,0) -> 217 | Q9: =IF(G$4="Yes",G9*G$5,0) -> 330 | R9: =IF(H$4="Yes",H9*H$5,0) -> 131.5 | S9: =IF(I$4="Yes",I9*I$5,0) -> 24.25 | T9: =IF(J$4="Yes",J9*J$5,0) -> 143.15 | U9: =IF(K$4="Yes",K9*K$5,0) -> 16.02 | V9: =IF(L$4="Yes",L9*L$5,0) -> 17.04 | W9: =IF(M$4="Yes",M9*M$5,0) -> 36.9 | ... Y9: =IF(O$4="Yes",O9*O$5,0) -> 0 | Z9: =SUM(P9:Y9) -> 916.012 | AA9: =Z9/E9 -> 10.904905 | AB9: =IF(AND($P$3="Yes",$R$3="Full Effect",$U$3="Full Effect"),$BG9,IF(AND($P$3="Yes",$R$3="Medium Effect",$U$3="Full Effect"),$BE9,IF(AND($P$3="Yes",$R$3="Full Effect",$U$3="Medium Effect"),$BF9,IF(AND($P$3="Yes",$R$3="Medium Effect",$U$3="Medium Effect"),$BD9,IF(AND($P$3="Yes",$R$3="No Effect",$U$3="Medium Effect"),$BB9,IF(AND($P$3="Yes",$R$3="No Effect",$U$3="Full Effect"),$BC9,IF(AND($P$3="Yes",$R$3="Medium Effect",$U$3="No Effect"),$AZ9,IF(AND($P$3="Yes",$R$3="Full Effect",$U$3="No Effect"),$BA9,IF(AND($P$3="No",$R$3="Full Effect",$U$3="Full Effect"),$AX9,IF(AND($P$3="No",$R$3="Medium Effect",$U$3="Full Effect"),$AV9,IF(AND($P$3="No",$R$3="Full Effect",$U$3="Medium Effect"),$AW9,IF(AND($P$3="No",$R$3="Medium Effect",$U$3="Medium Effect"),$AU9,IF(AND($P$3="No",$R$3="No Effect",$U$3="Medium Effect"),$AS9,IF(AND($P$3="No",$R$3="No Effect",$U$3="Full Effect"),$AT9,IF(AND($P$3="No",$R$3="Medium Effect",$U$3="No Effect"),$AQ9,IF(AND($P$3="No",$R$3="Full Effect",$U$3="No Effect"),$AR9,IF(AND($P4="Yes",$R$3="No Effect",$U$3="No Effect"),$AY9,"Use FPTS per GP"))))))))))))))))) -> 5.2723716 | AL9: =IFERROR(VLOOKUP(C9,CALC!$K$2:$M$8,2,FALSE),1) -> 0.96 | AM9: =IFERROR(VLOOKUP(C9,CALC!$K$2:$M$8,3,FALSE),1) -> 0.98 | AN9: =VLOOKUP(B9,CALC!$E$2:$H$33,3,FALSE) -> 1.09 | AO9: =VLOOKUP(B9,CALC!$E$2:$H$33,4,FALSE) -> 1.045 | AQ9: =$AA9*AM9 -> 10.686807 | AR9: =$AA9*AL9 -> 10.468709 | AS9: =$AA9*AO9 -> 11.395625 | AT9: =$AA9*AN9 -> 11.886346 | AU9: =$AA9*AM9*AO9 -> 11.167713 | AV9: =$AA9*AM9*AN9 -> 11.648619 | AW9: =$AA9*AL9*AO9 -> 10.9398 | AX9: =$AA9*AL9*AN9 -> 11.410892 | AY9: =IF($C9="D",$AA9-$AE$3,$AA9-$AD$3) -> 5.1482976 | AZ9: =$AY9*AM9 -> 5.0453317 | BA9: =$AY9*AL9 -> 4.9423657 | BB9: =$AY9*AO9 -> 5.379971 | BC9: =$AY9*AN9 -> 5.6116444 | BD9: =$AY9*AM9*AO9 -> 5.2723716 | BE9: =$AY9*AM9*AN9 -> 5.4994115 | BF9: =$AY9*AL9*AO9 -> 5.1647722 | BG9: =$AY9*AL9*AN9 -> 5.3871786
A10: Nikita Kucherov | B10: TBL | C10: =VLOOKUP(A10,CALC!$A$2:$C$494,3,FALSE) -> RW | D10: 1 | E10: 84 | F10: 41.8 | G10: 88.8 | H10: 130.6 | I10: 40.9 | J10: 255 | K10: 31.8 | L10: 32.4 | M10: 48.6 | N10: 0.164 | O10: 20.25 | P10: =IF(F$4="Yes",F10*F$5,0) -> 209 | Q10: =IF(G$4="Yes",G10*G$5,0) -> 333 | R10: =IF(H$4="Yes",H10*H$5,0) -> 130.6 | S10: =IF(I$4="Yes",I10*I$5,0) -> 20.45 | T10: =IF(J$4="Yes",J10*J$5,0) -> 127.5 | U10: =IF(K$4="Yes",K10*K$5,0) -> 9.54 | V10: =IF(L$4="Yes",L10*L$5,0) -> 19.44 | W10: =IF(M$4="Yes",M10*M$5,0) -> 48.6 | ... Y10: =IF(O$4="Yes",O10*O$5,0) -> 0 | Z10: =SUM(P10:Y10) -> 898.294 | AA10: =Z10/E10 -> 10.693976 | AB10: =IF(AND($P$3="Yes",$R$3="Full Effect",$U$3="Full Effect"),$BG10,IF(AND($P$3="Yes",$R$3="Medium Effect",$U$3="Full Effect"),$BE10,IF(AND($P$3="Yes",$R$3="Full Effect",$U$3="Medium Effect"),$BF10,IF(AND($P$3="Yes",$R$3="Medium Effect",$U$3="Medium Effect"),$BD10,IF(AND($P$3="Yes",$R$3="No Effect",$U$3="Medium Effect"),$BB10,IF(AND($P$3="Yes",$R$3="No Effect",$U$3="Full Effect"),$BC10,IF(AND($P$3="Yes",$R$3="Medium Effect",$U$3="No Effect"),$AZ10,IF(AND($P$3="Yes",$R$3="Full Effect",$U$3="No Effect"),$BA10,IF(AND($P$3="No",$R$3="Full Effect",$U$3="Full Effect"),$AX10,IF(AND($P$3="No",$R$3="Medium Effect",$U$3="Full Effect"),$AV10,IF(AND($P$3="No",$R$3="Full Effect",$U$3="Medium Effect"),$AW10,IF(AND($P$3="No",$R$3="Medium Effect",$U$3="Medium Effect"),$AU10,IF(AND($P$3="No",$R$3="No Effect",$U$3="Medium Effect"),$AS10,IF(AND($P$3="No",$R$3="No Effect",$U$3="Full Effect"),$AT10,IF(AND($P$3="No",$R$3="Medium Effect",$U$3="No Effect"),$AQ10,IF(AND($P$3="No",$R$3="Full Effect",$U$3="No Effect"),$AR10,IF(AND($P5="Yes",$R$3="No Effect",$U$3="No Effect"),$AY10,"Use FPTS per GP"))))))))))))))))) -> 4.4047504 | AL10: =IFERROR(VLOOKUP(C10,CALC!$K$2:$M$8,2,FALSE),1) -> 0.95 | AM10: =IFERROR(VLOOKUP(C10,CALC!$K$2:$M$8,3,FALSE),1) -> 0.975 | AN10: =VLOOKUP(B10,CALC!$E$2:$H$33,3,FALSE) -> 0.83 | AO10: =VLOOKUP(B10,CALC!$E$2:$H$33,4,FALSE) -> 0.915 | AQ10: =$AA10*AM10 -> 10.426627 | AR10: =$AA10*AL10 -> 10.159277 | AS10: =$AA10*AO10 -> 9.7849882 | AT10: =$AA10*AN10 -> 8.8760002 | AU10: =$AA10*AM10*AO10 -> 9.5403635 | AV10: =$AA10*AM10*AN10 -> 8.6541002 | AW10: =$AA10*AL10*AO10 -> 9.2957388 | AX10: =$AA10*AL10*AN10 -> 8.4322002 | AY10: =IF($C10="D",$AA10-$AE$3,$AA10-$AD$3) -> 4.937369 | AZ10: =$AY10*AM10 -> 4.8139348 | BA10: =$AY10*AL10 -> 4.6905006 | BB10: =$AY10*AO10 -> 4.5176927 | BC10: =$AY10*AN10 -> 4.0980163 | BD10: =$AY10*AM10*AO10 -> 4.4047504 | BE10: =$AY10*AM10*AN10 -> 3.9955659 | BF10: =$AY10*AL10*AO10 -> 4.291808 | BG10: =$AY10*AL10*AN10 -> 3.8931155
A11: Macklin Celebrini | B11: SJS | C11: =VLOOKUP(A11,CALC!$A$2:$C$494,3,FALSE) -> C | D11: 1 | E11: 84 | F11: 48.3 | G11: 65.2 | H11: 113.5 | I11: 36.5 | J11: 299.8 | K11: 52.7 | L11: 55.9 | M11: 42.5 | N11: 0.161 | O11: 21.5 | P11: =IF(F$4="Yes",F11*F$5,0) -> 241.5 | Q11: =IF(G$4="Yes",G11*G$5,0) -> 244.5 | R11: =IF(H$4="Yes",H11*H$5,0) -> 113.5 | S11: =IF(I$4="Yes",I11*I$5,0) -> 18.25 | T11: =IF(J$4="Yes",J11*J$5,0) -> 149.9 | U11: =IF(K$4="Yes",K11*K$5,0) -> 15.81 | V11: =IF(L$4="Yes",L11*L$5,0) -> 33.54 | W11: =IF(M$4="Yes",M11*M$5,0) -> 42.5 | ... Y11: =IF(O$4="Yes",O11*O$5,0) -> 0 | Z11: =SUM(P11:Y11) -> 859.661 | AA11: =Z11/E11 -> 10.23406 | AB11: =IF(AND($P$3="Yes",$R$3="Full Effect",$U$3="Full Effect"),$BG11,IF(AND($P$3="Yes",$R$3="Medium Effect",$U$3="Full Effect"),$BE11,IF(AND($P$3="Yes",$R$3="Full Effect",$U$3="Medium Effect"),$BF11,IF(AND($P$3="Yes",$R$3="Medium Effect",$U$3="Medium Effect"),$BD11,IF(AND($P$3="Yes",$R$3="No Effect",$U$3="Medium Effect"),$BB11,IF(AND($P$3="Yes",$R$3="No Effect",$U$3="Full Effect"),$BC11,IF(AND($P$3="Yes",$R$3="Medium Effect",$U$3="No Effect"),$AZ11,IF(AND($P$3="Yes",$R$3="Full Effect",$U$3="No Effect"),$BA11,IF(AND($P$3="No",$R$3="Full Effect",$U$3="Full Effect"),$AX11,IF(AND($P$3="No",$R$3="Medium Effect",$U$3="Full Effect"),$AV11,IF(AND($P$3="No",$R$3="Full Effect",$U$3="Medium Effect"),$AW11,IF(AND($P$3="No",$R$3="Medium Effect",$U$3="Medium Effect"),$AU11,IF(AND($P$3="No",$R$3="No Effect",$U$3="Medium Effect"),$AS11,IF(AND($P$3="No",$R$3="No Effect",$U$3="Full Effect"),$AT11,IF(AND($P$3="No",$R$3="Medium Effect",$U$3="No Effect"),$AQ11,IF(AND($P$3="No",$R$3="Full Effect",$U$3="No Effect"),$AR11,IF(AND($P6="Yes",$R$3="No Effect",$U$3="No Effect"),$AY11,"Use FPTS per GP"))))))))))))))))) -> 4.585359 | AL11: =IFERROR(VLOOKUP(C11,CALC!$K$2:$M$8,2,FALSE),1) -> 0.96 | AM11: =IFERROR(VLOOKUP(C11,CALC!$K$2:$M$8,3,FALSE),1) -> 0.98 | AN11: =VLOOKUP(B11,CALC!$E$2:$H$33,3,FALSE) -> 1.09 | AO11: =VLOOKUP(B11,CALC!$E$2:$H$33,4,FALSE) -> 1.045 | AQ11: =$AA11*AM11 -> 10.029378 | AR11: =$AA11*AL11 -> 9.8246971 | AS11: =$AA11*AO11 -> 10.694592 | AT11: =$AA11*AN11 -> 11.155125 | AU11: =$AA11*AM11*AO11 -> 10.4807 | AV11: =$AA11*AM11*AN11 -> 10.932022 | AW11: =$AA11*AL11*AO11 -> 10.266809 | AX11: =$AA11*AL11*AN11 -> 10.70892 | AY11: =IF($C11="D",$AA11-$AE$3,$AA11-$AD$3) -> 4.4774524 | AZ11: =$AY11*AM11 -> 4.3879033 | BA11: =$AY11*AL11 -> 4.2983543 | BB11: =$AY11*AO11 -> 4.6789377 | BC11: =$AY11*AN11 -> 4.8804231 | BD11: =$AY11*AM11*AO11 -> 4.585359 | BE11: =$AY11*AM11*AN11 -> 4.7828146 | BF11: =$AY11*AL11*AO11 -> 4.4917802 | BG11: =$AY11*AL11*AN11 -> 4.6852062
A12: Auston Matthews | B12: TOR | C12: =VLOOKUP(A12,CALC!$A$2:$C$494,3,FALSE) -> C | D12: 1 | E12: 84 | F12: 51 | G12: 45.8 | H12: 96.8 | I12: 26.2 | J12: 344.8 | K12: 60.4 | L12: 100.5 | M12: 26 | N12: 0.148 | O12: 20.75 | P12: =IF(F$4="Yes",F12*F$5,0) -> 255 | Q12: =IF(G$4="Yes",G12*G$5,0) -> 171.75 | R12: =IF(H$4="Yes",H12*H$5,0) -> 96.8 | S12: =IF(I$4="Yes",I12*I$5,0) -> 13.1 | T12: =IF(J$4="Yes",J12*J$5,0) -> 172.4 | U12: =IF(K$4="Yes",K12*K$5,0) -> 18.12 | V12: =IF(L$4="Yes",L12*L$5,0) -> 60.3 | W12: =IF(M$4="Yes",M12*M$5,0) -> 26 | ... Y12: =IF(O$4="Yes",O12*O$5,0) -> 0 | Z12: =SUM(P12:Y12) -> 813.618 | AA12: =Z12/E12 -> 9.6859286 | AB12: =IF(AND($P$3="Yes",$R$3="Full Effect",$U$3="Full Effect"),$BG12,IF(AND($P$3="Yes",$R$3="Medium Effect",$U$3="Full Effect"),$BE12,IF(AND($P$3="Yes",$R$3="Full Effect",$U$3="Medium Effect"),$BF12,IF(AND($P$3="Yes",$R$3="Medium Effect",$U$3="Medium Effect"),$BD12,IF(AND($P$3="Yes",$R$3="No Effect",$U$3="Medium Effect"),$BB12,IF(AND($P$3="Yes",$R$3="No Effect",$U$3="Full Effect"),$BC12,IF(AND($P$3="Yes",$R$3="Medium Effect",$U$3="No Effect"),$AZ12,IF(AND($P$3="Yes",$R$3="Full Effect",$U$3="No Effect"),$BA12,IF(AND($P$3="No",$R$3="Full Effect",$U$3="Full Effect"),$AX12,IF(AND($P$3="No",$R$3="Medium Effect",$U$3="Full Effect"),$AV12,IF(AND($P$3="No",$R$3="Full Effect",$U$3="Medium Effect"),$AW12,IF(AND($P$3="No",$R$3="Medium Effect",$U$3="Medium Effect"),$AU12,IF(AND($P$3="No",$R$3="No Effect",$U$3="Medium Effect"),$AS12,IF(AND($P$3="No",$R$3="No Effect",$U$3="Full Effect"),$AT12,IF(AND($P$3="No",$R$3="Medium Effect",$U$3="No Effect"),$AQ12,IF(AND($P$3="No",$R$3="Full Effect",$U$3="No Effect"),$AR12,IF(AND($P7="Yes",$R$3="No Effect",$U$3="No Effect"),$AY12,"Use FPTS per GP"))))))))))))))))) -> 3.792974 | AL12: =IFERROR(VLOOKUP(C12,CALC!$K$2:$M$8,2,FALSE),1) -> 0.96 | AM12: =IFERROR(VLOOKUP(C12,CALC!$K$2:$M$8,3,FALSE),1) -> 0.98 | AN12: =VLOOKUP(B12,CALC!$E$2:$H$33,3,FALSE) -> 0.97 | AO12: =VLOOKUP(B12,CALC!$E$2:$H$33,4,FALSE) -> 0.985 | AQ12: =$AA12*AM12 -> 9.49221 | AR12: =$AA12*AL12 -> 9.2984914 | AS12: =$AA12*AO12 -> 9.5406396 | AT12: =$AA12*AN12 -> 9.3953507 | AU12: =$AA12*AM12*AO12 -> 9.3498268 | AV12: =$AA12*AM12*AN12 -> 9.2074437 | AW12: =$AA12*AL12*AO12 -> 9.1590141 | AX12: =$AA12*AL12*AN12 -> 9.0195367 | AY12: =IF($C12="D",$AA12-$AE$3,$AA12-$AD$3) -> 3.9293214 | AZ12: =$AY12*AM12 -> 3.850735 | BA12: =$AY12*AL12 -> 3.7721486 | BB12: =$AY12*AO12 -> 3.8703816 | BC12: =$AY12*AN12 -> 3.8114418 | BD12: =$AY12*AM12*AO12 -> 3.792974 | BE12: =$AY12*AM12*AN12 -> 3.735213 | BF12: =$AY12*AL12*AO12 -> 3.7155663 | BG12: =$AY12*AL12*AN12 -> 3.6589841
A13: David Pastrnak | B13: BOS | C13: =VLOOKUP(A13,CALC!$A$2:$C$494,3,FALSE) -> RW | D13: 1 | E13: 84 | F13: 39.2 | G13: 68 | H13: 107.1 | I13: 35.4 | J13: 313.3 | K13: 78.4 | L13: 29.3 | M13: 66.2 | N13: 0.125 | O13: 20.5 | P13: =IF(F$4="Yes",F13*F$5,0) -> 196 | Q13: =IF(G$4="Yes",G13*G$5,0) -> 255 | R13: =IF(H$4="Yes",H13*H$5,0) -> 107.1 | S13: =IF(I$4="Yes",I13*I$5,0) -> 17.7 | T13: =IF(J$4="Yes",J13*J$5,0) -> 156.65 | U13: =IF(K$4="Yes",K13*K$5,0) -> 23.52 | V13: =IF(L$4="Yes",L13*L$5,0) -> 17.58 | W13: =IF(M$4="Yes",M13*M$5,0) -> 66.2 | ... Y13: =IF(O$4="Yes",O13*O$5,0) -> 0 | Z13: =SUM(P13:Y13) -> 839.875 | AA13: =Z13/E13 -> 9.9985119 | AB13: =IF(AND($P$3="Yes",$R$3="Full Effect",$U$3="Full Effect"),$BG13,IF(AND($P$3="Yes",$R$3="Medium Effect",$U$3="Full Effect"),$BE13,IF(AND($P$3="Yes",$R$3="Full Effect",$U$3="Medium Effect"),$BF13,IF(AND($P$3="Yes",$R$3="Medium Effect",$U$3="Medium Effect"),$BD13,IF(AND($P$3="Yes",$R$3="No Effect",$U$3="Medium Effect"),$BB13,IF(AND($P$3="Yes",$R$3="No Effect",$U$3="Full Effect"),$BC13,IF(AND($P$3="Yes",$R$3="Medium Effect",$U$3="No Effect"),$AZ13,IF(AND($P$3="Yes",$R$3="Full Effect",$U$3="No Effect"),$BA13,IF(AND($P$3="No",$R$3="Full Effect",$U$3="Full Effect"),$AX13,IF(AND($P$3="No",$R$3="Medium Effect",$U$3="Full Effect"),$AV13,IF(AND($P$3="No",$R$3="Full Effect",$U$3="Medium Effect"),$AW13,IF(AND($P$3="No",$R$3="Medium Effect",$U$3="Medium Effect"),$AU13,IF(AND($P$3="No",$R$3="No Effect",$U$3="Medium Effect"),$AS13,IF(AND($P$3="No",$R$3="No Effect",$U$3="Full Effect"),$AT13,IF(AND($P$3="No",$R$3="Medium Effect",$U$3="No Effect"),$AQ13,IF(AND($P$3="No",$R$3="Full Effect",$U$3="No Effect"),$AR13,IF(AND($P8="Yes",$R$3="No Effect",$U$3="No Effect"),$AY13,"Use FPTS per GP"))))))))))))))))) -> 3.9911021 | AL13: =IFERROR(VLOOKUP(C13,CALC!$K$2:$M$8,2,FALSE),1) -> 0.95 | AM13: =IFERROR(VLOOKUP(C13,CALC!$K$2:$M$8,3,FALSE),1) -> 0.975 | AN13: =VLOOKUP(B13,CALC!$E$2:$H$33,3,FALSE) -> 0.93 | AO13: =VLOOKUP(B13,CALC!$E$2:$H$33,4,FALSE) -> 0.965 | AQ13: =$AA13*AM13 -> 9.7485491 | AR13: =$AA13*AL13 -> 9.4985863 | AS13: =$AA13*AO13 -> 9.648564 | AT13: =$AA13*AN13 -> 9.2986161 | AU13: =$AA13*AM13*AO13 -> 9.4073499 | AV13: =$AA13*AM13*AN13 -> 9.0661507 | AW13: =$AA13*AL13*AO13 -> 9.1661358 | AX13: =$AA13*AL13*AN13 -> 8.8336853 | AY13: =IF($C13="D",$AA13-$AE$3,$AA13-$AD$3) -> 4.2419048 | AZ13: =$AY13*AM13 -> 4.1358571 | BA13: =$AY13*AL13 -> 4.0298095 | BB13: =$AY13*AO13 -> 4.0934381 | BC13: =$AY13*AN13 -> 3.9449714 | BD13: =$AY13*AM13*AO13 -> 3.9911021 | BE13: =$AY13*AM13*AN13 -> 3.8463471 | BF13: =$AY13*AL13*AO13 -> 3.8887662 | BG13: =$AY13*AL13*AN13 -> 3.7477229
A14: Leon Draisaitl | B14: EDM | C14: =VLOOKUP(A14,CALC!$A$2:$C$494,3,FALSE) -> C/LW | D14: 1 | E14: 84 | F14: 42.9 | G14: 73.3 | H14: 116.2 | I14: 47.5 | J14: 227.9 | K14: 38 | L14: 30.6 | M14: 36.8 | N14: 0.188 | O14: 21 | P14: =IF(F$4="Yes",F14*F$5,0) -> 214.5 | Q14: =IF(G$4="Yes",G14*G$5,0) -> 274.875 | R14: =IF(H$4="Yes",H14*H$5,0) -> 116.2 | S14: =IF(I$4="Yes",I14*I$5,0) -> 23.75 | T14: =IF(J$4="Yes",J14*J$5,0) -> 113.95 | U14: =IF(K$4="Yes",K14*K$5,0) -> 11.4 | V14: =IF(L$4="Yes",L14*L$5,0) -> 18.36 | W14: =IF(M$4="Yes",M14*M$5,0) -> 36.8 | ... Y14: =IF(O$4="Yes",O14*O$5,0) -> 0 | Z14: =SUM(P14:Y14) -> 810.023 | AA14: =Z14/E14 -> 9.643131 | AB14: =IF(AND($P$3="Yes",$R$3="Full Effect",$U$3="Full Effect"),$BG14,IF(AND($P$3="Yes",$R$3="Medium Effect",$U$3="Full Effect"),$BE14,IF(AND($P$3="Yes",$R$3="Full Effect",$U$3="Medium Effect"),$BF14,IF(AND($P$3="Yes",$R$3="Medium Effect",$U$3="Medium Effect"),$BD14,IF(AND($P$3="Yes",$R$3="No Effect",$U$3="Medium Effect"),$BB14,IF(AND($P$3="Yes",$R$3="No Effect",$U$3="Full Effect"),$BC14,IF(AND($P$3="Yes",$R$3="Medium Effect",$U$3="No Effect"),$AZ14,IF(AND($P$3="Yes",$R$3="Full Effect",$U$3="No Effect"),$BA14,IF(AND($P$3="No",$R$3="Full Effect",$U$3="Full Effect"),$AX14,IF(AND($P$3="No",$R$3="Medium Effect",$U$3="Full Effect"),$AV14,IF(AND($P$3="No",$R$3="Full Effect",$U$3="Medium Effect"),$AW14,IF(AND($P$3="No",$R$3="Medium Effect",$U$3="Medium Effect"),$AU14,IF(AND($P$3="No",$R$3="No Effect",$U$3="Medium Effect"),$AS14,IF(AND($P$3="No",$R$3="No Effect",$U$3="Full Effect"),$AT14,IF(AND($P$3="No",$R$3="Medium Effect",$U$3="No Effect"),$AQ14,IF(AND($P$3="No",$R$3="Full Effect",$U$3="No Effect"),$AR14,IF(AND($P9="Yes",$R$3="No Effect",$U$3="No Effect"),$AY14,"Use FPTS per GP"))))))))))))))))) -> 4.2441812 | AL14: =IFERROR(VLOOKUP(C14,CALC!$K$2:$M$8,2,FALSE),1) -> 1.09 | AM14: =IFERROR(VLOOKUP(C14,CALC!$K$2:$M$8,3,FALSE),1) -> 1.045 | AN14: =VLOOKUP(B14,CALC!$E$2:$H$33,3,FALSE) -> 1.09 | AO14: =VLOOKUP(B14,CALC!$E$2:$H$33,4,FALSE) -> 1.045 | AQ14: =$AA14*AM14 -> 10.077072 | AR14: =$AA14*AL14 -> 10.511013 | AS14: =$AA14*AO14 -> 10.077072 | AT14: =$AA14*AN14 -> 10.511013 | AU14: =$AA14*AM14*AO14 -> 10.53054 | AV14: =$AA14*AM14*AN14 -> 10.984008 | AW14: =$AA14*AL14*AO14 -> 10.984008 | AX14: =$AA14*AL14*AN14 -> 11.457004 | AY14: =IF($C14="D",$AA14-$AE$3,$AA14-$AD$3) -> 3.8865238 | AZ14: =$AY14*AM14 -> 4.0614174 | BA14: =$AY14*AL14 -> 4.236311 | BB14: =$AY14*AO14 -> 4.0614174 | BC14: =$AY14*AN14 -> 4.236311 | BD14: =$AY14*AM14*AO14 -> 4.2441812 | BE14: =$AY14*AM14*AN14 -> 4.4269449 | BF14: =$AY14*AL14*AO14 -> 4.4269449 | BG14: =$AY14*AL14*AN14 -> 4.6175789
A15: Jack Eichel | B15: VGK | C15: =VLOOKUP(A15,CALC!$A$2:$C$494,3,FALSE) -> C | D15: 1 | E15: 84 | F15: 36.8 | G15: 65 | H15: 101.8 | I15: 32.4 | J15: 307.9 | K15: 39.9 | L15: 51.8 | M15: 19.5 | N15: 0.119 | O15: 21.25 | P15: =IF(F$4="Yes",F15*F$5,0) -> 184 | Q15: =IF(G$4="Yes",G15*G$5,0) -> 243.75 | R15: =IF(H$4="Yes",H15*H$5,0) -> 101.8 | S15: =IF(I$4="Yes",I15*I$5,0) -> 16.2 | T15: =IF(J$4="Yes",J15*J$5,0) -> 153.95 | U15: =IF(K$4="Yes",K15*K$5,0) -> 11.97 | V15: =IF(L$4="Yes",L15*L$5,0) -> 31.08 | W15: =IF(M$4="Yes",M15*M$5,0) -> 19.5 | ... Y15: =IF(O$4="Yes",O15*O$5,0) -> 0 | Z15: =SUM(P15:Y15) -> 762.369 | AA15: =Z15/E15 -> 9.0758214 | AB15: =IF(AND($P$3="Yes",$R$3="Full Effect",$U$3="Full Effect"),$BG15,IF(AND($P$3="Yes",$R$3="Medium Effect",$U$3="Full Effect"),$BE15,IF(AND($P$3="Yes",$R$3="Full Effect",$U$3="Medium Effect"),$BF15,IF(AND($P$3="Yes",$R$3="Medium Effect",$U$3="Medium Effect"),$BD15,IF(AND($P$3="Yes",$R$3="No Effect",$U$3="Medium Effect"),$BB15,IF(AND($P$3="Yes",$R$3="No Effect",$U$3="Full Effect"),$BC15,IF(AND($P$3="Yes",$R$3="Medium Effect",$U$3="No Effect"),$AZ15,IF(AND($P$3="Yes",$R$3="Full Effect",$U$3="No Effect"),$BA15,IF(AND($P$3="No",$R$3="Full Effect",$U$3="Full Effect"),$AX15,IF(AND($P$3="No",$R$3="Medium Effect",$U$3="Full Effect"),$AV15,IF(AND($P$3="No",$R$3="Full Effect",$U$3="Medium Effect"),$AW15,IF(AND($P$3="No",$R$3="Medium Effect",$U$3="Medium Effect"),$AU15,IF(AND($P$3="No",$R$3="No Effect",$U$3="Medium Effect"),$AS15,IF(AND($P$3="No",$R$3="No Effect",$U$3="Full Effect"),$AT15,IF(AND($P$3="No",$R$3="Medium Effect",$U$3="No Effect"),$AQ15,IF(AND($P$3="No",$R$3="Full Effect",$U$3="No Effect"),$AR15,IF(AND($P10="Yes",$R$3="No Effect",$U$3="No Effect"),$AY15,"Use FPTS per GP"))))))))))))))))) -> 3.25283 | AL15: =IFERROR(VLOOKUP(C15,CALC!$K$2:$M$8,2,FALSE),1) -> 0.96 | AM15: =IFERROR(VLOOKUP(C15,CALC!$K$2:$M$8,3,FALSE),1) -> 0.98 | AN15: =VLOOKUP(B15,CALC!$E$2:$H$33,3,FALSE) -> 1 | AO15: =VLOOKUP(B15,CALC!$E$2:$H$33,4,FALSE) -> 1 | AQ15: =$AA15*AM15 -> 8.894305 | AR15: =$AA15*AL15 -> 8.7127886 | AS15: =$AA15*AO15 -> 9.0758214 | AT15: =$AA15*AN15 -> 9.0758214 | AU15: =$AA15*AM15*AO15 -> 8.894305 | AV15: =$AA15*AM15*AN15 -> 8.894305 | AW15: =$AA15*AL15*AO15 -> 8.7127886 | AX15: =$AA15*AL15*AN15 -> 8.7127886 | AY15: =IF($C15="D",$AA15-$AE$3,$AA15-$AD$3) -> 3.3192143 | AZ15: =$AY15*AM15 -> 3.25283 | BA15: =$AY15*AL15 -> 3.1864457 | BB15: =$AY15*AO15 -> 3.3192143 | BC15: =$AY15*AN15 -> 3.3192143 | BD15: =$AY15*AM15*AO15 -> 3.25283 | BE15: =$AY15*AM15*AN15 -> 3.25283 | BF15: =$AY15*AL15*AO15 -> 3.1864457 | BG15: =$AY15*AL15*AN15 -> 3.1864457
A16: Jack Hughes | B16: NJD | C16: =VLOOKUP(A16,CALC!$A$2:$C$494,3,FALSE) -> C/LW | D16: 1 | E16: 84 | F16: 40.2 | G16: 62.3 | H16: 102.5 | I16: 33.9 | J16: 312.6 | K16: 7.6 | L16: 42.7 | M16: 16.7 | N16: 0.129 | O16: 21.25 | P16: =IF(F$4="Yes",F16*F$5,0) -> 201 | Q16: =IF(G$4="Yes",G16*G$5,0) -> 233.625 | R16: =IF(H$4="Yes",H16*H$5,0) -> 102.5 | S16: =IF(I$4="Yes",I16*I$5,0) -> 16.95 | T16: =IF(J$4="Yes",J16*J$5,0) -> 156.3 | U16: =IF(K$4="Yes",K16*K$5,0) -> 2.28 | V16: =IF(L$4="Yes",L16*L$5,0) -> 25.62 | W16: =IF(M$4="Yes",M16*M$5,0) -> 16.7 | ... Y16: =IF(O$4="Yes",O16*O$5,0) -> 0 | Z16: =SUM(P16:Y16) -> 755.104 | AA16: =Z16/E16 -> 8.9893333 | AB16: =IF(AND($P$3="Yes",$R$3="Full Effect",$U$3="Full Effect"),$BG16,IF(AND($P$3="Yes",$R$3="Medium Effect",$U$3="Full Effect"),$BE16,IF(AND($P$3="Yes",$R$3="Full Effect",$U$3="Medium Effect"),$BF16,IF(AND($P$3="Yes",$R$3="Medium Effect",$U$3="Medium Effect"),$BD16,IF(AND($P$3="Yes",$R$3="No Effect",$U$3="Medium Effect"),$BB16,IF(AND($P$3="Yes",$R$3="No Effect",$U$3="Full Effect"),$BC16,IF(AND($P$3="Yes",$R$3="Medium Effect",$U$3="No Effect"),$AZ16,IF(AND($P$3="Yes",$R$3="Full Effect",$U$3="No Effect"),$BA16,IF(AND($P$3="No",$R$3="Full Effect",$U$3="Full Effect"),$AX16,IF(AND($P$3="No",$R$3="Medium Effect",$U$3="Full Effect"),$AV16,IF(AND($P$3="No",$R$3="Full Effect",$U$3="Medium Effect"),$AW16,IF(AND($P$3="No",$R$3="Medium Effect",$U$3="Medium Effect"),$AU16,IF(AND($P$3="No",$R$3="No Effect",$U$3="Medium Effect"),$AS16,IF(AND($P$3="No",$R$3="No Effect",$U$3="Full Effect"),$AT16,IF(AND($P$3="No",$R$3="Medium Effect",$U$3="No Effect"),$AQ16,IF(AND($P$3="No",$R$3="Full Effect",$U$3="No Effect"),$AR16,IF(AND($P11="Yes",$R$3="No Effect",$U$3="No Effect"),$AY16,"Use FPTS per GP"))))))))))))))))) -> 3.2599619 | AL16: =IFERROR(VLOOKUP(C16,CALC!$K$2:$M$8,2,FALSE),1) -> 1.09 | AM16: =IFERROR(VLOOKUP(C16,CALC!$K$2:$M$8,3,FALSE),1) -> 1.045 | AN16: =VLOOKUP(B16,CALC!$E$2:$H$33,3,FALSE) -> 0.93 | AO16: =VLOOKUP(B16,CALC!$E$2:$H$33,4,FALSE) -> 0.965 | AQ16: =$AA16*AM16 -> 9.3938533 | AR16: =$AA16*AL16 -> 9.7983733 | AS16: =$AA16*AO16 -> 8.6747067 | AT16: =$AA16*AN16 -> 8.36008 | AU16: =$AA16*AM16*AO16 -> 9.0650685 | AV16: =$AA16*AM16*AN16 -> 8.7362836 | AW16: =$AA16*AL16*AO16 -> 9.4554303 | AX16: =$AA16*AL16*AN16 -> 9.1124872 | AY16: =IF($C16="D",$AA16-$AE$3,$AA16-$AD$3) -> 3.2327262 | AZ16: =$AY16*AM16 -> 3.3781989 | BA16: =$AY16*AL16 -> 3.5236715 | BB16: =$AY16*AO16 -> 3.1195808 | BC16: =$AY16*AN16 -> 3.0064354 | BD16: =$AY16*AM16*AO16 -> 3.2599619 | BE16: =$AY16*AM16*AN16 -> 3.1417249 | BF16: =$AY16*AL16*AO16 -> 3.400343 | BG16: =$AY16*AL16*AN16 -> 3.2770145
A17: Jason Robertson | B17: DAL | C17: =VLOOKUP(A17,CALC!$A$2:$C$494,3,FALSE) -> LW/RW | D17: 1 | E17: 84 | F17: 44.8 | G17: 53.5 | H17: 98.3 | I17: 39.4 | J17: 294.5 | K17: 54 | L17: 34.1 | M17: 28.4 | N17: 0.152 | O17: 20.25 | P17: =IF(F$4="Yes",F17*F$5,0) -> 224 | Q17: =IF(G$4="Yes",G17*G$5,0) -> 200.625 | R17: =IF(H$4="Yes",H17*H$5,0) -> 98.3 | S17: =IF(I$4="Yes",I17*I$5,0) -> 19.7 | T17: =IF(J$4="Yes",J17*J$5,0) -> 147.25 | U17: =IF(K$4="Yes",K17*K$5,0) -> 16.2 | V17: =IF(L$4="Yes",L17*L$5,0) -> 20.46 | W17: =IF(M$4="Yes",M17*M$5,0) -> 28.4 | ... Y17: =IF(O$4="Yes",O17*O$5,0) -> 0 | Z17: =SUM(P17:Y17) -> 755.087 | AA17: =Z17/E17 -> 8.989131 | AB17: =IF(AND($P$3="Yes",$R$3="Full Effect",$U$3="Full Effect"),$BG17,IF(AND($P$3="Yes",$R$3="Medium Effect",$U$3="Full Effect"),$BE17,IF(AND($P$3="Yes",$R$3="Full Effect",$U$3="Medium Effect"),$BF17,IF(AND($P$3="Yes",$R$3="Medium Effect",$U$3="Medium Effect"),$BD17,IF(AND($P$3="Yes",$R$3="No Effect",$U$3="Medium Effect"),$BB17,IF(AND($P$3="Yes",$R$3="No Effect",$U$3="Full Effect"),$BC17,IF(AND($P$3="Yes",$R$3="Medium Effect",$U$3="No Effect"),$AZ17,IF(AND($P$3="Yes",$R$3="Full Effect",$U$3="No Effect"),$BA17,IF(AND($P$3="No",$R$3="Full Effect",$U$3="Full Effect"),$AX17,IF(AND($P$3="No",$R$3="Medium Effect",$U$3="Full Effect"),$AV17,IF(AND($P$3="No",$R$3="Full Effect",$U$3="Medium Effect"),$AW17,IF(AND($P$3="No",$R$3="Medium Effect",$U$3="Medium Effect"),$AU17,IF(AND($P$3="No",$R$3="No Effect",$U$3="Medium Effect"),$AS17,IF(AND($P$3="No",$R$3="No Effect",$U$3="Full Effect"),$AT17,IF(AND($P$3="No",$R$3="Medium Effect",$U$3="No Effect"),$AQ17,IF(AND($P$3="No",$R$3="Full Effect",$U$3="No Effect"),$AR17,IF(AND($P12="Yes",$R$3="No Effect",$U$3="No Effect"),$AY17,"Use FPTS per GP"))))))))))))))))) -> 3.4290613 | AL17: =IFERROR(VLOOKUP(C17,CALC!$K$2:$M$8,2,FALSE),1) -> 1.08 | AM17: =IFERROR(VLOOKUP(C17,CALC!$K$2:$M$8,3,FALSE),1) -> 1.04 | AN17: =VLOOKUP(B17,CALC!$E$2:$H$33,3,FALSE) -> 1.04 | AO17: =VLOOKUP(B17,CALC!$E$2:$H$33,4,FALSE) -> 1.02 | AQ17: =$AA17*AM17 -> 9.3486962 | AR17: =$AA17*AL17 -> 9.7082614 | AS17: =$AA17*AO17 -> 9.1689136 | AT17: =$AA17*AN17 -> 9.3486962 | AU17: =$AA17*AM17*AO17 -> 9.5356701 | AV17: =$AA17*AM17*AN17 -> 9.722644 | AW17: =$AA17*AL17*AO17 -> 9.9024267 | AX17: =$AA17*AL17*AN17 -> 10.096592 | AY17: =IF($C17="D",$AA17-$AE$3,$AA17-$AD$3) -> 3.2325238 | AZ17: =$AY17*AM17 -> 3.3618248 | BA17: =$AY17*AL17 -> 3.4911257 | BB17: =$AY17*AO17 -> 3.2971743 | BC17: =$AY17*AN17 -> 3.3618248 | BD17: =$AY17*AM17*AO17 -> 3.4290613 | BE17: =$AY17*AM17*AN17 -> 3.4962978 | BF17: =$AY17*AL17*AO17 -> 3.5609482 | BG17: =$AY17*AL17*AN17 -> 3.6307707
A18: Kirill Kaprizov | B18: MIN | C18: =VLOOKUP(A18,CALC!$A$2:$C$494,3,FALSE) -> LW | D18: 1 | E18: 84 | F18: 46.2 | G18: 52.2 | H18: 98.4 | I18: 33.8 | J18: 278.3 | K18: 54.7 | L18: 32 | M18: 31.7 | N18: 0.166 | O18: 21.75 | P18: =IF(F$4="Yes",F18*F$5,0) -> 231 | Q18: =IF(G$4="Yes",G18*G$5,0) -> 195.75 | R18: =IF(H$4="Yes",H18*H$5,0) -> 98.4 | S18: =IF(I$4="Yes",I18*I$5,0) -> 16.9 | T18: =IF(J$4="Yes",J18*J$5,0) -> 139.15 | U18: =IF(K$4="Yes",K18*K$5,0) -> 16.41 | V18: =IF(L$4="Yes",L18*L$5,0) -> 19.2 | W18: =IF(M$4="Yes",M18*M$5,0) -> 31.7 | ... Y18: =IF(O$4="Yes",O18*O$5,0) -> 0 | Z18: =SUM(P18:Y18) -> 748.676 | AA18: =Z18/E18 -> 8.9128095 | AB18: =IF(AND($P$3="Yes",$R$3="Full Effect",$U$3="Full Effect"),$BG18,IF(AND($P$3="Yes",$R$3="Medium Effect",$U$3="Full Effect"),$BE18,IF(AND($P$3="Yes",$R$3="Full Effect",$U$3="Medium Effect"),$BF18,IF(AND($P$3="Yes",$R$3="Medium Effect",$U$3="Medium Effect"),$BD18,IF(AND($P$3="Yes",$R$3="No Effect",$U$3="Medium Effect"),$BB18,IF(AND($P$3="Yes",$R$3="No Effect",$U$3="Full Effect"),$BC18,IF(AND($P$3="Yes",$R$3="Medium Effect",$U$3="No Effect"),$AZ18,IF(AND($P$3="Yes",$R$3="Full Effect",$U$3="No Effect"),$BA18,IF(AND($P$3="No",$R$3="Full Effect",$U$3="Full Effect"),$AX18,IF(AND($P$3="No",$R$3="Medium Effect",$U$3="Full Effect"),$AV18,IF(AND($P$3="No",$R$3="Full Effect",$U$3="Medium Effect"),$AW18,IF(AND($P$3="No",$R$3="Medium Effect",$U$3="Medium Effect"),$AU18,IF(AND($P$3="No",$R$3="No Effect",$U$3="Medium Effect"),$AS18,IF(AND($P$3="No",$R$3="No Effect",$U$3="Full Effect"),$AT18,IF(AND($P$3="No",$R$3="Medium Effect",$U$3="No Effect"),$AQ18,IF(AND($P$3="No",$R$3="Full Effect",$U$3="No Effect"),$AR18,IF(AND($P13="Yes",$R$3="No Effect",$U$3="No Effect"),$AY18,"Use FPTS per GP"))))))))))))))))) -> 3.088344 | AL18: =IFERROR(VLOOKUP(C18,CALC!$K$2:$M$8,2,FALSE),1) -> 1.06 | AM18: =IFERROR(VLOOKUP(C18,CALC!$K$2:$M$8,3,FALSE),1) -> 1.03 | AN18: =VLOOKUP(B18,CALC!$E$2:$H$33,3,FALSE) -> 0.9 | AO18: =VLOOKUP(B18,CALC!$E$2:$H$33,4,FALSE) -> 0.95 | AQ18: =$AA18*AM18 -> 9.1801938 | AR18: =$AA18*AL18 -> 9.4475781 | AS18: =$AA18*AO18 -> 8.467169 | AT18: =$AA18*AN18 -> 8.0215286 | AU18: =$AA18*AM18*AO18 -> 8.7211841 | AV18: =$AA18*AM18*AN18 -> 8.2621744 | AW18: =$AA18*AL18*AO18 -> 8.9751992 | AX18: =$AA18*AL18*AN18 -> 8.5028203 | AY18: =IF($C18="D",$AA18-$AE$3,$AA18-$AD$3) -> 3.1562024 | AZ18: =$AY18*AM18 -> 3.2508885 | BA18: =$AY18*AL18 -> 3.3455745 | BB18: =$AY18*AO18 -> 2.9983923 | BC18: =$AY18*AN18 -> 2.8405821 | BD18: =$AY18*AM18*AO18 -> 3.088344 | BE18: =$AY18*AM18*AN18 -> 2.9257996 | BF18: =$AY18*AL18*AO18 -> 3.1782958 | BG18: =$AY18*AL18*AN18 -> 3.0110171
A19: Cale Makar | B19: COL | C19: =VLOOKUP(A19,CALC!$A$2:$C$494,3,FALSE) -> D | D19: 1 | E19: 84 | F19: 25 | G19: 68.9 | H19: 93.9 | I19: 35.7 | J19: 237 | K19: 44.2 | L19: 131.6 | M19: 21.4 | N19: 0.106 | O19: 25 | P19: =IF(F$4="Yes",F19*F$5,0) -> 125 | Q19: =IF(G$4="Yes",G19*G$5,0) -> 258.375 | R19: =IF(H$4="Yes",H19*H$5,0) -> 93.9 | S19: =IF(I$4="Yes",I19*I$5,0) -> 17.85 | T19: =IF(J$4="Yes",J19*J$5,0) -> 118.5 | U19: =IF(K$4="Yes",K19*K$5,0) -> 13.26 | V19: =IF(L$4="Yes",L19*L$5,0) -> 78.96 | W19: =IF(M$4="Yes",M19*M$5,0) -> 21.4 | ... Y19: =IF(O$4="Yes",O19*O$5,0) -> 0 | Z19: =SUM(P19:Y19) -> 727.351 | AA19: =Z19/E19 -> 8.6589405 | AB19: =IF(AND($P$3="Yes",$R$3="Full Effect",$U$3="Full Effect"),$BG19,IF(AND($P$3="Yes",$R$3="Medium Effect",$U$3="Full Effect"),$BE19,IF(AND($P$3="Yes",$R$3="Full Effect",$U$3="Medium Effect"),$BF19,IF(AND($P$3="Yes",$R$3="Medium Effect",$U$3="Medium Effect"),$BD19,IF(AND($P$3="Yes",$R$3="No Effect",$U$3="Medium Effect"),$BB19,IF(AND($P$3="Yes",$R$3="No Effect",$U$3="Full Effect"),$BC19,IF(AND($P$3="Yes",$R$3="Medium Effect",$U$3="No Effect"),$AZ19,IF(AND($P$3="Yes",$R$3="Full Effect",$U$3="No Effect"),$BA19,IF(AND($P$3="No",$R$3="Full Effect",$U$3="Full Effect"),$AX19,IF(AND($P$3="No",$R$3="Medium Effect",$U$3="Full Effect"),$AV19,IF(AND($P$3="No",$R$3="Full Effect",$U$3="Medium Effect"),$AW19,IF(AND($P$3="No",$R$3="Medium Effect",$U$3="Medium Effect"),$AU19,IF(AND($P$3="No",$R$3="No Effect",$U$3="Medium Effect"),$AS19,IF(AND($P$3="No",$R$3="No Effect",$U$3="Full Effect"),$AT19,IF(AND($P$3="No",$R$3="Medium Effect",$U$3="No Effect"),$AQ19,IF(AND($P$3="No",$R$3="Full Effect",$U$3="No Effect"),$AR19,IF(AND($P14="Yes",$R$3="No Effect",$U$3="No Effect"),$AY19,"Use FPTS per GP"))))))))))))))))) -> 4.0064239 | AL19: =IFERROR(VLOOKUP(C19,CALC!$K$2:$M$8,2,FALSE),1) -> 1 | AM19: =IFERROR(VLOOKUP(C19,CALC!$K$2:$M$8,3,FALSE),1) -> 1 | AN19: =VLOOKUP(B19,CALC!$E$2:$H$33,3,FALSE) -> 1.14 | AO19: =VLOOKUP(B19,CALC!$E$2:$H$33,4,FALSE) -> 1.07 | AQ19: =$AA19*AM19 -> 8.6589405 | AR19: =$AA19*AL19 -> 8.6589405 | AS19: =$AA19*AO19 -> 9.2650663 | AT19: =$AA19*AN19 -> 9.8711921 | AU19: =$AA19*AM19*AO19 -> 9.2650663 | AV19: =$AA19*AM19*AN19 -> 9.8711921 | AW19: =$AA19*AL19*AO19 -> 9.2650663 | AX19: =$AA19*AL19*AN19 -> 9.8711921 | AY19: =IF($C19="D",$AA19-$AE$3,$AA19-$AD$3) -> 3.7443214 | AZ19: =$AY19*AM19 -> 3.7443214 | BA19: =$AY19*AL19 -> 3.7443214 | BB19: =$AY19*AO19 -> 4.0064239 | BC19: =$AY19*AN19 -> 4.2685264 | BD19: =$AY19*AM19*AO19 -> 4.0064239 | BE19: =$AY19*AM19*AN19 -> 4.2685264 | BF19: =$AY19*AL19*AO19 -> 4.0064239 | BG19: =$AY19*AL19*AN19 -> 4.2685264
... A170: Thomas Harley | B170: DAL | C170: =VLOOKUP(A170,CALC!$A$2:$C$494,3,FALSE) -> D | D170: 2 | E170: 84 | F170: 13.9 | G170: 32 | H170: 45.9 | I170: 9.4 | J170: 140.4 | K170: 41.2 | L170: 175.4 | M170: 24.5 | N170: 0.099 | O170: 23.25 | P170: =IF(F$4="Yes",F170*F$5,0) -> 69.5 | Q170: =IF(G$4="Yes",G170*G$5,0) -> 120 | R170: =IF(H$4="Yes",H170*H$5,0) -> 45.9 | S170: =IF(I$4="Yes",I170*I$5,0) -> 4.7 | T170: =IF(J$4="Yes",J170*J$5,0) -> 70.2 | U170: =IF(K$4="Yes",K170*K$5,0) -> 12.36 | V170: =IF(L$4="Yes",L170*L$5,0) -> 105.24 | W170: =IF(M$4="Yes",M170*M$5,0) -> 24.5 | ... Y170: =IF(O$4="Yes",O170*O$5,0) -> 0 | Z170: =SUM(P170:Y170) -> 452.499 | AA170: =Z170/E170 -> 5.3868929 | AB170: =IF(AND($P$3="Yes",$R$3="Full Effect",$U$3="Full Effect"),$BG170,IF(AND($P$3="Yes",$R$3="Medium Effect",$U$3="Full Effect"),$BE170,IF(AND($P$3="Yes",$R$3="Full Effect",$U$3="Medium Effect"),$BF170,IF(AND($P$3="Yes",$R$3="Medium Effect",$U$3="Medium Effect"),$BD170,IF(AND($P$3="Yes",$R$3="No Effect",$U$3="Medium Effect"),$BB170,IF(AND($P$3="Yes",$R$3="No Effect",$U$3="Full Effect"),$BC170,IF(AND($P$3="Yes",$R$3="Medium Effect",$U$3="No Effect"),$AZ170,IF(AND($P$3="Yes",$R$3="Full Effect",$U$3="No Effect"),$BA170,IF(AND($P$3="No",$R$3="Full Effect",$U$3="Full Effect"),$AX170,IF(AND($P$3="No",$R$3="Medium Effect",$U$3="Full Effect"),$AV170,IF(AND($P$3="No",$R$3="Full Effect",$U$3="Medium Effect"),$AW170,IF(AND($P$3="No",$R$3="Medium Effect",$U$3="Medium Effect"),$AU170,IF(AND($P$3="No",$R$3="No Effect",$U$3="Medium Effect"),$AS170,IF(AND($P$3="No",$R$3="No Effect",$U$3="Full Effect"),$AT170,IF(AND($P$3="No",$R$3="Medium Effect",$U$3="No Effect"),$AQ170,IF(AND($P$3="No",$R$3="Full Effect",$U$3="No Effect"),$AR170,IF(AND($P165="Yes",$R$3="No Effect",$U$3="No Effect"),$AY170,"Use FPTS per GP"))))))))))))))))) -> 0.48171929 | AL170: =IFERROR(VLOOKUP(C170,CALC!$K$2:$M$8,2,FALSE),1) -> 1 | AM170: =IFERROR(VLOOKUP(C170,CALC!$K$2:$M$8,3,FALSE),1) -> 1 | AN170: =VLOOKUP(B170,CALC!$E$2:$H$33,3,FALSE) -> 1.04 | AO170: =VLOOKUP(B170,CALC!$E$2:$H$33,4,FALSE) -> 1.02 | AQ170: =$AA170*AM170 -> 5.3868929 | AR170: =$AA170*AL170 -> 5.3868929 | AS170: =$AA170*AO170 -> 5.4946307 | AT170: =$AA170*AN170 -> 5.6023686 | AU170: =$AA170*AM170*AO170 -> 5.4946307 | AV170: =$AA170*AM170*AN170 -> 5.6023686 | AW170: =$AA170*AL170*AO170 -> 5.4946307 | AX170: =$AA170*AL170*AN170 -> 5.6023686 | AY170: =IF($C170="D",$AA170-$AE$3,$AA170-$AD$3) -> 0.47227381 | AZ170: =$AY170*AM170 -> 0.47227381 | BA170: =$AY170*AL170 -> 0.47227381 | BB170: =$AY170*AO170 -> 0.48171929 | BC170: =$AY170*AN170 -> 0.49116476 | BD170: =$AY170*AM170*AO170 -> 0.48171929 | BE170: =$AY170*AM170*AN170 -> 0.49116476 | BF170: =$AY170*AL170*AO170 -> 0.48171929 | BG170: =$AY170*AL170*AN170 -> 0.49116476
A171: Boone Jenner | B171: WSH | C171: =VLOOKUP(A171,CALC!$A$2:$C$494,3,FALSE) -> C/LW | E171: 84 | F171: 20.7 | G171: 24.4 | H171: 45 | I171: 6.4 | J171: 177.6 | K171: 169.4 | L171: 73.6 | M171: 46 | N171: 0.116 | O171: 16.75 | P171: =IF(F$4="Yes",F171*F$5,0) -> 103.5 | Q171: =IF(G$4="Yes",G171*G$5,0) -> 91.5 | R171: =IF(H$4="Yes",H171*H$5,0) -> 45 | S171: =IF(I$4="Yes",I171*I$5,0) -> 3.2 | T171: =IF(J$4="Yes",J171*J$5,0) -> 88.8 | U171: =IF(K$4="Yes",K171*K$5,0) -> 50.82 | V171: =IF(L$4="Yes",L171*L$5,0) -> 44.16 | W171: =IF(M$4="Yes",M171*M$5,0) -> 46 | ... Y171: =IF(O$4="Yes",O171*O$5,0) -> 0 | Z171: =SUM(P171:Y171) -> 473.096 | AA171: =Z171/E171 -> 5.6320952 | AB171: =IF(AND($P$3="Yes",$R$3="Full Effect",$U$3="Full Effect"),$BG171,IF(AND($P$3="Yes",$R$3="Medium Effect",$U$3="Full Effect"),$BE171,IF(AND($P$3="Yes",$R$3="Full Effect",$U$3="Medium Effect"),$BF171,IF(AND($P$3="Yes",$R$3="Medium Effect",$U$3="Medium Effect"),$BD171,IF(AND($P$3="Yes",$R$3="No Effect",$U$3="Medium Effect"),$BB171,IF(AND($P$3="Yes",$R$3="No Effect",$U$3="Full Effect"),$BC171,IF(AND($P$3="Yes",$R$3="Medium Effect",$U$3="No Effect"),$AZ171,IF(AND($P$3="Yes",$R$3="Full Effect",$U$3="No Effect"),$BA171,IF(AND($P$3="No",$R$3="Full Effect",$U$3="Full Effect"),$AX171,IF(AND($P$3="No",$R$3="Medium Effect",$U$3="Full Effect"),$AV171,IF(AND($P$3="No",$R$3="Full Effect",$U$3="Medium Effect"),$AW171,IF(AND($P$3="No",$R$3="Medium Effect",$U$3="Medium Effect"),$AU171,IF(AND($P$3="No",$R$3="No Effect",$U$3="Medium Effect"),$AS171,IF(AND($P$3="No",$R$3="No Effect",$U$3="Full Effect"),$AT171,IF(AND($P$3="No",$R$3="Medium Effect",$U$3="No Effect"),$AQ171,IF(AND($P$3="No",$R$3="Full Effect",$U$3="No Effect"),$AR171,IF(AND($P166="Yes",$R$3="No Effect",$U$3="No Effect"),$AY171,"Use FPTS per GP"))))))))))))))))) -> -0.14247586 | AL171: =IFERROR(VLOOKUP(C171,CALC!$K$2:$M$8,2,FALSE),1) -> 1.09 | AM171: =IFERROR(VLOOKUP(C171,CALC!$K$2:$M$8,3,FALSE),1) -> 1.045 | AN171: =VLOOKUP(B171,CALC!$E$2:$H$33,3,FALSE) -> 1.19 | AO171: =VLOOKUP(B171,CALC!$E$2:$H$33,4,FALSE) -> 1.095 | AQ171: =$AA171*AM171 -> 5.8855395 | AR171: =$AA171*AL171 -> 6.1389838 | AS171: =$AA171*AO171 -> 6.1671443 | AT171: =$AA171*AN171 -> 6.7021933 | AU171: =$AA171*AM171*AO171 -> 6.4446658 | AV171: =$AA171*AM171*AN171 -> 7.003792 | AW171: =$AA171*AL171*AO171 -> 6.7221873 | AX171: =$AA171*AL171*AN171 -> 7.3053907 | AY171: =IF($C171="D",$AA171-$AE$3,$AA171-$AD$3) -> -0.1245119 | AZ171: =$AY171*AM171 -> -0.13011494 | BA171: =$AY171*AL171 -> -0.13571798 | BB171: =$AY171*AO171 -> -0.13634054 | BC171: =$AY171*AN171 -> -0.14816917 | BD171: =$AY171*AM171*AO171 -> -0.14247586 | BE171: =$AY171*AM171*AN171 -> -0.15483678 | BF171: =$AY171*AL171*AO171 -> -0.14861118 | BG171: =$AY171*AL171*AN171 -> -0.16150439
A172: Jacob Trouba | B172: SJS | C172: =VLOOKUP(A172,CALC!$A$2:$C$494,3,FALSE) -> D | D172: 2 | E172: 84 | F172: 9.3 | G172: 24.7 | H172: 34 | I172: 3.2 | J172: 171.2 | K172: 154.7 | L172: 178.5 | M172: 55.3 | N172: 0.054 | O172: 23 | P172: =IF(F$4="Yes",F172*F$5,0) -> 46.5 | Q172: =IF(G$4="Yes",G172*G$5,0) -> 92.625 | R172: =IF(H$4="Yes",H172*H$5,0) -> 34 | S172: =IF(I$4="Yes",I172*I$5,0) -> 1.6 | T172: =IF(J$4="Yes",J172*J$5,0) -> 85.6 | U172: =IF(K$4="Yes",K172*K$5,0) -> 46.41 | V172: =IF(L$4="Yes",L172*L$5,0) -> 107.1 | W172: =IF(M$4="Yes",M172*M$5,0) -> 55.3 | ... Y172: =IF(O$4="Yes",O172*O$5,0) -> 0 | Z172: =SUM(P172:Y172) -> 469.189 | AA172: =Z172/E172 -> 5.5855833 | AB172: =IF(AND($P$3="Yes",$R$3="Full Effect",$U$3="Full Effect"),$BG172,IF(AND($P$3="Yes",$R$3="Medium Effect",$U$3="Full Effect"),$BE172,IF(AND($P$3="Yes",$R$3="Full Effect",$U$3="Medium Effect"),$BF172,IF(AND($P$3="Yes",$R$3="Medium Effect",$U$3="Medium Effect"),$BD172,IF(AND($P$3="Yes",$R$3="No Effect",$U$3="Medium Effect"),$BB172,IF(AND($P$3="Yes",$R$3="No Effect",$U$3="Full Effect"),$BC172,IF(AND($P$3="Yes",$R$3="Medium Effect",$U$3="No Effect"),$AZ172,IF(AND($P$3="Yes",$R$3="Full Effect",$U$3="No Effect"),$BA172,IF(AND($P$3="No",$R$3="Full Effect",$U$3="Full Effect"),$AX172,IF(AND($P$3="No",$R$3="Medium Effect",$U$3="Full Effect"),$AV172,IF(AND($P$3="No",$R$3="Full Effect",$U$3="Medium Effect"),$AW172,IF(AND($P$3="No",$R$3="Medium Effect",$U$3="Medium Effect"),$AU172,IF(AND($P$3="No",$R$3="No Effect",$U$3="Medium Effect"),$AS172,IF(AND($P$3="No",$R$3="No Effect",$U$3="Full Effect"),$AT172,IF(AND($P$3="No",$R$3="Medium Effect",$U$3="No Effect"),$AQ172,IF(AND($P$3="No",$R$3="Full Effect",$U$3="No Effect"),$AR172,IF(AND($P167="Yes",$R$3="No Effect",$U$3="No Effect"),$AY172,"Use FPTS per GP"))))))))))))))))) -> 0.70115768 | AL172: =IFERROR(VLOOKUP(C172,CALC!$K$2:$M$8,2,FALSE),1) -> 1 | AM172: =IFERROR(VLOOKUP(C172,CALC!$K$2:$M$8,3,FALSE),1) -> 1 | AN172: =VLOOKUP(B172,CALC!$E$2:$H$33,3,FALSE) -> 1.09 | AO172: =VLOOKUP(B172,CALC!$E$2:$H$33,4,FALSE) -> 1.045 | AQ172: =$AA172*AM172 -> 5.5855833 | AR172: =$AA172*AL172 -> 5.5855833 | AS172: =$AA172*AO172 -> 5.8369346 | AT172: =$AA172*AN172 -> 6.0882858 | AU172: =$AA172*AM172*AO172 -> 5.8369346 | AV172: =$AA172*AM172*AN172 -> 6.0882858 | AW172: =$AA172*AL172*AO172 -> 5.8369346 | AX172: =$AA172*AL172*AN172 -> 6.0882858 | AY172: =IF($C172="D",$AA172-$AE$3,$AA172-$AD$3) -> 0.67096429 | AZ172: =$AY172*AM172 -> 0.67096429 | BA172: =$AY172*AL172 -> 0.67096429 | BB172: =$AY172*AO172 -> 0.70115768 | BC172: =$AY172*AN172 -> 0.73135107 | BD172: =$AY172*AM172*AO172 -> 0.70115768 | BE172: =$AY172*AM172*AN172 -> 0.73135107 | BF172: =$AY172*AL172*AO172 -> 0.70115768 | BG172: =$AY172*AL172*AN172 -> 0.73135107
A173: Ryan Leonard | B173: WSH | C173: =VLOOKUP(A173,CALC!$A$2:$C$494,3,FALSE) -> RW | D173: 2 | E173: 84 | F173: 23.5 | G173: 27.8 | H173: 51.2 | I173: 12.3 | J173: 177.8 | K173: 144.2 | L173: 31.2 | M173: 53.3 | N173: 0.132 | O173: 14.75 | P173: =IF(F$4="Yes",F173*F$5,0) -> 117.5 | Q173: =IF(G$4="Yes",G173*G$5,0) -> 104.25 | R173: =IF(H$4="Yes",H173*H$5,0) -> 51.2 | S173: =IF(I$4="Yes",I173*I$5,0) -> 6.15 | T173: =IF(J$4="Yes",J173*J$5,0) -> 88.9 | U173: =IF(K$4="Yes",K173*K$5,0) -> 43.26 | V173: =IF(L$4="Yes",L173*L$5,0) -> 18.72 | W173: =IF(M$4="Yes",M173*M$5,0) -> 53.3 | ... Y173: =IF(O$4="Yes",O173*O$5,0) -> 0 | Z173: =SUM(P173:Y173) -> 483.412 | AA173: =Z173/E173 -> 5.7549048 | AB173: =IF(AND($P$3="Yes",$R$3="Full Effect",$U$3="Full Effect"),$BG173,IF(AND($P$3="Yes",$R$3="Medium Effect",$U$3="Full Effect"),$BE173,IF(AND($P$3="Yes",$R$3="Full Effect",$U$3="Medium Effect"),$BF173,IF(AND($P$3="Yes",$R$3="Medium Effect",$U$3="Medium Effect"),$BD173,IF(AND($P$3="Yes",$R$3="No Effect",$U$3="Medium Effect"),$BB173,IF(AND($P$3="Yes",$R$3="No Effect",$U$3="Full Effect"),$BC173,IF(AND($P$3="Yes",$R$3="Medium Effect",$U$3="No Effect"),$AZ173,IF(AND($P$3="Yes",$R$3="Full Effect",$U$3="No Effect"),$BA173,IF(AND($P$3="No",$R$3="Full Effect",$U$3="Full Effect"),$AX173,IF(AND($P$3="No",$R$3="Medium Effect",$U$3="Full Effect"),$AV173,IF(AND($P$3="No",$R$3="Full Effect",$U$3="Medium Effect"),$AW173,IF(AND($P$3="No",$R$3="Medium Effect",$U$3="Medium Effect"),$AU173,IF(AND($P$3="No",$R$3="No Effect",$U$3="Medium Effect"),$AS173,IF(AND($P$3="No",$R$3="No Effect",$U$3="Full Effect"),$AT173,IF(AND($P$3="No",$R$3="Medium Effect",$U$3="No Effect"),$AQ173,IF(AND($P$3="No",$R$3="Full Effect",$U$3="No Effect"),$AR173,IF(AND($P168="Yes",$R$3="No Effect",$U$3="No Effect"),$AY173,"Use FPTS per GP"))))))))))))))))) -> -0.0018175045 | AL173: =IFERROR(VLOOKUP(C173,CALC!$K$2:$M$8,2,FALSE),1) -> 0.95 | AM173: =IFERROR(VLOOKUP(C173,CALC!$K$2:$M$8,3,FALSE),1) -> 0.975 | AN173: =VLOOKUP(B173,CALC!$E$2:$H$33,3,FALSE) -> 1.19 | AO173: =VLOOKUP(B173,CALC!$E$2:$H$33,4,FALSE) -> 1.095 | AQ173: =$AA173*AM173 -> 5.6110321 | AR173: =$AA173*AL173 -> 5.4671595 | AS173: =$AA173*AO173 -> 6.3016207 | AT173: =$AA173*AN173 -> 6.8483367 | AU173: =$AA173*AM173*AO173 -> 6.1440802 | AV173: =$AA173*AM173*AN173 -> 6.6771282 | AW173: =$AA173*AL173*AO173 -> 5.9865397 | AX173: =$AA173*AL173*AN173 -> 6.5059198 | AY173: =IF($C173="D",$AA173-$AE$3,$AA173-$AD$3) -> -0.001702381 | AZ173: =$AY173*AM173 -> -0.0016598214 | BA173: =$AY173*AL173 -> -0.0016172619 | BB173: =$AY173*AO173 -> -0.0018641071 | BC173: =$AY173*AN173 -> -0.0020258333 | BD173: =$AY173*AM173*AO173 -> -0.0018175045 | BE173: =$AY173*AM173*AN173 -> -0.0019751875 | BF173: =$AY173*AL173*AO173 -> -0.0017709018 | BG173: =$AY173*AL173*AN173 -> -0.0019245417
A174: Brock Faber | B174: MIN | C174: =VLOOKUP(A174,CALC!$A$2:$C$494,3,FALSE) -> D | D174: 2 | E174: 84 | F174: 13.9 | G174: 32.1 | H174: 46 | I174: 6.9 | J174: 171 | K174: 32.5 | L174: 149.9 | M174: 34.1 | N174: 0.081 | O174: 24.25 | P174: =IF(F$4="Yes",F174*F$5,0) -> 69.5 | Q174: =IF(G$4="Yes",G174*G$5,0) -> 120.375 | R174: =IF(H$4="Yes",H174*H$5,0) -> 46 | S174: =IF(I$4="Yes",I174*I$5,0) -> 3.45 | T174: =IF(J$4="Yes",J174*J$5,0) -> 85.5 | U174: =IF(K$4="Yes",K174*K$5,0) -> 9.75 | V174: =IF(L$4="Yes",L174*L$5,0) -> 89.94 | W174: =IF(M$4="Yes",M174*M$5,0) -> 34.1 | ... Y174: =IF(O$4="Yes",O174*O$5,0) -> 0 | Z174: =SUM(P174:Y174) -> 458.696 | AA174: =Z174/E174 -> 5.4606667 | AB174: =IF(AND($P$3="Yes",$R$3="Full Effect",$U$3="Full Effect"),$BG174,IF(AND($P$3="Yes",$R$3="Medium Effect",$U$3="Full Effect"),$BE174,IF(AND($P$3="Yes",$R$3="Full Effect",$U$3="Medium Effect"),$BF174,IF(AND($P$3="Yes",$R$3="Medium Effect",$U$3="Medium Effect"),$BD174,IF(AND($P$3="Yes",$R$3="No Effect",$U$3="Medium Effect"),$BB174,IF(AND($P$3="Yes",$R$3="No Effect",$U$3="Full Effect"),$BC174,IF(AND($P$3="Yes",$R$3="Medium Effect",$U$3="No Effect"),$AZ174,IF(AND($P$3="Yes",$R$3="Full Effect",$U$3="No Effect"),$BA174,IF(AND($P$3="No",$R$3="Full Effect",$U$3="Full Effect"),$AX174,IF(AND($P$3="No",$R$3="Medium Effect",$U$3="Full Effect"),$AV174,IF(AND($P$3="No",$R$3="Full Effect",$U$3="Medium Effect"),$AW174,IF(AND($P$3="No",$R$3="Medium Effect",$U$3="Medium Effect"),$AU174,IF(AND($P$3="No",$R$3="No Effect",$U$3="Medium Effect"),$AS174,IF(AND($P$3="No",$R$3="No Effect",$U$3="Full Effect"),$AT174,IF(AND($P$3="No",$R$3="Medium Effect",$U$3="No Effect"),$AQ174,IF(AND($P$3="No",$R$3="Full Effect",$U$3="No Effect"),$AR174,IF(AND($P169="Yes",$R$3="No Effect",$U$3="No Effect"),$AY174,"Use FPTS per GP"))))))))))))))))) -> 0.51874524 | AL174: =IFERROR(VLOOKUP(C174,CALC!$K$2:$M$8,2,FALSE),1) -> 1 | AM174: =IFERROR(VLOOKUP(C174,CALC!$K$2:$M$8,3,FALSE),1) -> 1 | AN174: =VLOOKUP(B174,CALC!$E$2:$H$33,3,FALSE) -> 0.9 | AO174: =VLOOKUP(B174,CALC!$E$2:$H$33,4,FALSE) -> 0.95 | AQ174: =$AA174*AM174 -> 5.4606667 | AR174: =$AA174*AL174 -> 5.4606667 | AS174: =$AA174*AO174 -> 5.1876333 | AT174: =$AA174*AN174 -> 4.9146 | AU174: =$AA174*AM174*AO174 -> 5.1876333 | AV174: =$AA174*AM174*AN174 -> 4.9146 | AW174: =$AA174*AL174*AO174 -> 5.1876333 | AX174: =$AA174*AL174*AN174 -> 4.9146 | AY174: =IF($C174="D",$AA174-$AE$3,$AA174-$AD$3) -> 0.54604762 | AZ174: =$AY174*AM174 -> 0.54604762 | BA174: =$AY174*AL174 -> 0.54604762 | BB174: =$AY174*AO174 -> 0.51874524 | BC174: =$AY174*AN174 -> 0.49144286 | BD174: =$AY174*AM174*AO174 -> 0.51874524 | BE174: =$AY174*AM174*AN174 -> 0.49144286 | BF174: =$AY174*AL174*AO174 -> 0.51874524 | BG174: =$AY174*AL174*AN174 -> 0.49144286
A175: Will Cuylle | B175: NYR | C175: =VLOOKUP(A175,CALC!$A$2:$C$494,3,FALSE) -> LW/RW | D175: 2 | E175: 84 | F175: 20.5 | G175: 16.4 | H175: 36.9 | I175: 6.7 | J175: 154.2 | K175: 308.6 | L175: 68.3 | M175: 57.8 | N175: 0.133 | O175: 16.5 | P175: =IF(F$4="Yes",F175*F$5,0) -> 102.5 | Q175: =IF(G$4="Yes",G175*G$5,0) -> 61.5 | R175: =IF(H$4="Yes",H175*H$5,0) -> 36.9 | S175: =IF(I$4="Yes",I175*I$5,0) -> 3.35 | T175: =IF(J$4="Yes",J175*J$5,0) -> 77.1 | U175: =IF(K$4="Yes",K175*K$5,0) -> 92.58 | V175: =IF(L$4="Yes",L175*L$5,0) -> 40.98 | W175: =IF(M$4="Yes",M175*M$5,0) -> 57.8 | ... Y175: =IF(O$4="Yes",O175*O$5,0) -> 0 | Z175: =SUM(P175:Y175) -> 472.843 | AA175: =Z175/E175 -> 5.6290833 | AB175: =IF(AND($P$3="Yes",$R$3="Full Effect",$U$3="Full Effect"),$BG175,IF(AND($P$3="Yes",$R$3="Medium Effect",$U$3="Full Effect"),$BE175,IF(AND($P$3="Yes",$R$3="Full Effect",$U$3="Medium Effect"),$BF175,IF(AND($P$3="Yes",$R$3="Medium Effect",$U$3="Medium Effect"),$BD175,IF(AND($P$3="Yes",$R$3="No Effect",$U$3="Medium Effect"),$BB175,IF(AND($P$3="Yes",$R$3="No Effect",$U$3="Full Effect"),$BC175,IF(AND($P$3="Yes",$R$3="Medium Effect",$U$3="No Effect"),$AZ175,IF(AND($P$3="Yes",$R$3="Full Effect",$U$3="No Effect"),$BA175,IF(AND($P$3="No",$R$3="Full Effect",$U$3="Full Effect"),$AX175,IF(AND($P$3="No",$R$3="Medium Effect",$U$3="Full Effect"),$AV175,IF(AND($P$3="No",$R$3="Full Effect",$U$3="Medium Effect"),$AW175,IF(AND($P$3="No",$R$3="Medium Effect",$U$3="Medium Effect"),$AU175,IF(AND($P$3="No",$R$3="No Effect",$U$3="Medium Effect"),$AS175,IF(AND($P$3="No",$R$3="No Effect",$U$3="Full Effect"),$AT175,IF(AND($P$3="No",$R$3="Medium Effect",$U$3="No Effect"),$AQ175,IF(AND($P$3="No",$R$3="Full Effect",$U$3="No Effect"),$AR175,IF(AND($P170="Yes",$R$3="No Effect",$U$3="No Effect"),$AY175,"Use FPTS per GP"))))))))))))))))) -> -0.14323474 | AL175: =IFERROR(VLOOKUP(C175,CALC!$K$2:$M$8,2,FALSE),1) -> 1.08 | AM175: =IFERROR(VLOOKUP(C175,CALC!$K$2:$M$8,3,FALSE),1) -> 1.04 | AN175: =VLOOKUP(B175,CALC!$E$2:$H$33,3,FALSE) -> 1.16 | AO175: =VLOOKUP(B175,CALC!$E$2:$H$33,4,FALSE) -> 1.08 | AQ175: =$AA175*AM175 -> 5.8542467 | AR175: =$AA175*AL175 -> 6.07941 | AS175: =$AA175*AO175 -> 6.07941 | AT175: =$AA175*AN175 -> 6.5297367 | AU175: =$AA175*AM175*AO175 -> 6.3225864 | AV175: =$AA175*AM175*AN175 -> 6.7909261 | AW175: =$AA175*AL175*AO175 -> 6.5657628 | AX175: =$AA175*AL175*AN175 -> 7.0521156 | AY175: =IF($C175="D",$AA175-$AE$3,$AA175-$AD$3) -> -0.12752381 | AZ175: =$AY175*AM175 -> -0.13262476 | BA175: =$AY175*AL175 -> -0.13772571 | BB175: =$AY175*AO175 -> -0.13772571 | BC175: =$AY175*AN175 -> -0.14792762 | BD175: =$AY175*AM175*AO175 -> -0.14323474 | BE175: =$AY175*AM175*AN175 -> -0.15384472 | BF175: =$AY175*AL175*AO175 -> -0.14874377 | BG175: =$AY175*AL175*AN175 -> -0.15976183
A176: Mackenzie Weegar | B176: UTA | C176: =VLOOKUP(A176,CALC!$A$2:$C$494,3,FALSE) -> D | D176: 2 | E176: 84 | F176: 5.9 | G176: 29.5 | H176: 35.4 | I176: 4.8 | J176: 149.4 | K176: 168.2 | L176: 180.6 | M176: 66.9 | N176: 0.039 | O176: 20.75 | P176: =IF(F$4="Yes",F176*F$5,0) -> 29.5 | Q176: =IF(G$4="Yes",G176*G$5,0) -> 110.625 | R176: =IF(H$4="Yes",H176*H$5,0) -> 35.4 | S176: =IF(I$4="Yes",I176*I$5,0) -> 2.4 | T176: =IF(J$4="Yes",J176*J$5,0) -> 74.7 | U176: =IF(K$4="Yes",K176*K$5,0) -> 50.46 | V176: =IF(L$4="Yes",L176*L$5,0) -> 108.36 | W176: =IF(M$4="Yes",M176*M$5,0) -> 66.9 | ... Y176: =IF(O$4="Yes",O176*O$5,0) -> 0 | Z176: =SUM(P176:Y176) -> 478.384 | AA176: =Z176/E176 -> 5.6950476 | AB176: =IF(AND($P$3="Yes",$R$3="Full Effect",$U$3="Full Effect"),$BG176,IF(AND($P$3="Yes",$R$3="Medium Effect",$U$3="Full Effect"),$BE176,IF(AND($P$3="Yes",$R$3="Full Effect",$U$3="Medium Effect"),$BF176,IF(AND($P$3="Yes",$R$3="Medium Effect",$U$3="Medium Effect"),$BD176,IF(AND($P$3="Yes",$R$3="No Effect",$U$3="Medium Effect"),$BB176,IF(AND($P$3="Yes",$R$3="No Effect",$U$3="Full Effect"),$BC176,IF(AND($P$3="Yes",$R$3="Medium Effect",$U$3="No Effect"),$AZ176,IF(AND($P$3="Yes",$R$3="Full Effect",$U$3="No Effect"),$BA176,IF(AND($P$3="No",$R$3="Full Effect",$U$3="Full Effect"),$AX176,IF(AND($P$3="No",$R$3="Medium Effect",$U$3="Full Effect"),$AV176,IF(AND($P$3="No",$R$3="Full Effect",$U$3="Medium Effect"),$AW176,IF(AND($P$3="No",$R$3="Medium Effect",$U$3="Medium Effect"),$AU176,IF(AND($P$3="No",$R$3="No Effect",$U$3="Medium Effect"),$AS176,IF(AND($P$3="No",$R$3="No Effect",$U$3="Full Effect"),$AT176,IF(AND($P$3="No",$R$3="Medium Effect",$U$3="No Effect"),$AQ176,IF(AND($P$3="No",$R$3="Full Effect",$U$3="No Effect"),$AR176,IF(AND($P171="Yes",$R$3="No Effect",$U$3="No Effect"),$AY176,"Use FPTS per GP"))))))))))))))))) -> 0.82725429 | AL176: =IFERROR(VLOOKUP(C176,CALC!$K$2:$M$8,2,FALSE),1) -> 1 | AM176: =IFERROR(VLOOKUP(C176,CALC!$K$2:$M$8,3,FALSE),1) -> 1 | AN176: =VLOOKUP(B176,CALC!$E$2:$H$33,3,FALSE) -> 1.12 | AO176: =VLOOKUP(B176,CALC!$E$2:$H$33,4,FALSE) -> 1.06 | AQ176: =$AA176*AM176 -> 5.6950476 | AR176: =$AA176*AL176 -> 5.6950476 | AS176: =$AA176*AO176 -> 6.0367505 | AT176: =$AA176*AN176 -> 6.3784533 | AU176: =$AA176*AM176*AO176 -> 6.0367505 | AV176: =$AA176*AM176*AN176 -> 6.3784533 | AW176: =$AA176*AL176*AO176 -> 6.0367505 | AX176: =$AA176*AL176*AN176 -> 6.3784533 | AY176: =IF($C176="D",$AA176-$AE$3,$AA176-$AD$3) -> 0.78042857 | AZ176: =$AY176*AM176 -> 0.78042857 | BA176: =$AY176*AL176 -> 0.78042857 | BB176: =$AY176*AO176 -> 0.82725429 | BC176: =$AY176*AN176 -> 0.87408 | BD176: =$AY176*AM176*AO176 -> 0.82725429 | BE176: =$AY176*AM176*AN176 -> 0.87408 | BF176: =$AY176*AL176*AO176 -> 0.82725429 | BG176: =$AY176*AL176*AN176 -> 0.87408
A177: Aliaksei Protas | B177: WSH | C177: =VLOOKUP(A177,CALC!$A$2:$C$494,3,FALSE) -> LW/RW | E177: 84 | F177: 27.6 | G177: 31 | H177: 58.6 | I177: 2.5 | J177: 169.1 | K177: 32.2 | L177: 42.7 | M177: 21 | N177: 0.163 | O177: 17.5 | P177: =IF(F$4="Yes",F177*F$5,0) -> 138 | Q177: =IF(G$4="Yes",G177*G$5,0) -> 116.25 | R177: =IF(H$4="Yes",H177*H$5,0) -> 58.6 | S177: =IF(I$4="Yes",I177*I$5,0) -> 1.25 | T177: =IF(J$4="Yes",J177*J$5,0) -> 84.55 | U177: =IF(K$4="Yes",K177*K$5,0) -> 9.66 | V177: =IF(L$4="Yes",L177*L$5,0) -> 25.62 | W177: =IF(M$4="Yes",M177*M$5,0) -> 21 | ... Y177: =IF(O$4="Yes",O177*O$5,0) -> 0 | Z177: =SUM(P177:Y177) -> 455.093 | AA177: =Z177/E177 -> 5.4177738 | AB177: =IF(AND($P$3="Yes",$R$3="Full Effect",$U$3="Full Effect"),$BG177,IF(AND($P$3="Yes",$R$3="Medium Effect",$U$3="Full Effect"),$BE177,IF(AND($P$3="Yes",$R$3="Full Effect",$U$3="Medium Effect"),$BF177,IF(AND($P$3="Yes",$R$3="Medium Effect",$U$3="Medium Effect"),$BD177,IF(AND($P$3="Yes",$R$3="No Effect",$U$3="Medium Effect"),$BB177,IF(AND($P$3="Yes",$R$3="No Effect",$U$3="Full Effect"),$BC177,IF(AND($P$3="Yes",$R$3="Medium Effect",$U$3="No Effect"),$AZ177,IF(AND($P$3="Yes",$R$3="Full Effect",$U$3="No Effect"),$BA177,IF(AND($P$3="No",$R$3="Full Effect",$U$3="Full Effect"),$AX177,IF(AND($P$3="No",$R$3="Medium Effect",$U$3="Full Effect"),$AV177,IF(AND($P$3="No",$R$3="Full Effect",$U$3="Medium Effect"),$AW177,IF(AND($P$3="No",$R$3="Medium Effect",$U$3="Medium Effect"),$AU177,IF(AND($P$3="No",$R$3="No Effect",$U$3="Medium Effect"),$AS177,IF(AND($P$3="No",$R$3="No Effect",$U$3="Full Effect"),$AT177,IF(AND($P$3="No",$R$3="Medium Effect",$U$3="No Effect"),$AQ177,IF(AND($P$3="No",$R$3="Full Effect",$U$3="No Effect"),$AR177,IF(AND($P172="Yes",$R$3="No Effect",$U$3="No Effect"),$AY177,"Use FPTS per GP"))))))))))))))))) -> -0.3858634 | AL177: =IFERROR(VLOOKUP(C177,CALC!$K$2:$M$8,2,FALSE),1) -> 1.08 | AM177: =IFERROR(VLOOKUP(C177,CALC!$K$2:$M$8,3,FALSE),1) -> 1.04 | AN177: =VLOOKUP(B177,CALC!$E$2:$H$33,3,FALSE) -> 1.19 | AO177: =VLOOKUP(B177,CALC!$E$2:$H$33,4,FALSE) -> 1.095 | AQ177: =$AA177*AM177 -> 5.6344848 | AR177: =$AA177*AL177 -> 5.8511957 | AS177: =$AA177*AO177 -> 5.9324623 | AT177: =$AA177*AN177 -> 6.4471508 | AU177: =$AA177*AM177*AO177 -> 6.1697608 | AV177: =$AA177*AM177*AN177 -> 6.7050369 | AW177: =$AA177*AL177*AO177 -> 6.4070593 | AX177: =$AA177*AL177*AN177 -> 6.9629229 | AY177: =IF($C177="D",$AA177-$AE$3,$AA177-$AD$3) -> -0.33883333 | AZ177: =$AY177*AM177 -> -0.35238667 | BA177: =$AY177*AL177 -> -0.36594 | BB177: =$AY177*AO177 -> -0.3710225 | BC177: =$AY177*AN177 -> -0.40321167 | BD177: =$AY177*AM177*AO177 -> -0.3858634 | BE177: =$AY177*AM177*AN177 -> -0.41934013 | BF177: =$AY177*AL177*AO177 -> -0.4007043 | BG177: =$AY177*AL177*AN177 -> -0.4354686
A178: Matt Duchene | B178: DAL | C178: =VLOOKUP(A178,CALC!$A$2:$C$494,3,FALSE) -> C/RW | D178: 2 | E178: 84 | F178: 24.3 | G178: 38.7 | H178: 63 | I178: 19.4 | J178: 140.3 | K178: 34.9 | L178: 29.9 | M178: 12 | N178: 0.173 | O178: 16.75 | P178: =IF(F$4="Yes",F178*F$5,0) -> 121.5 | Q178: =IF(G$4="Yes",G178*G$5,0) -> 145.125 | R178: =IF(H$4="Yes",H178*H$5,0) -> 63 | S178: =IF(I$4="Yes",I178*I$5,0) -> 9.7 | T178: =IF(J$4="Yes",J178*J$5,0) -> 70.15 | U178: =IF(K$4="Yes",K178*K$5,0) -> 10.47 | V178: =IF(L$4="Yes",L178*L$5,0) -> 17.94 | W178: =IF(M$4="Yes",M178*M$5,0) -> 12 | ... Y178: =IF(O$4="Yes",O178*O$5,0) -> 0 | Z178: =SUM(P178:Y178) -> 450.058 | AA178: =Z178/E178 -> 5.3578333 | AB178: =IF(AND($P$3="Yes",$R$3="Full Effect",$U$3="Full Effect"),$BG178,IF(AND($P$3="Yes",$R$3="Medium Effect",$U$3="Full Effect"),$BE178,IF(AND($P$3="Yes",$R$3="Full Effect",$U$3="Medium Effect"),$BF178,IF(AND($P$3="Yes",$R$3="Medium Effect",$U$3="Medium Effect"),$BD178,IF(AND($P$3="Yes",$R$3="No Effect",$U$3="Medium Effect"),$BB178,IF(AND($P$3="Yes",$R$3="No Effect",$U$3="Full Effect"),$BC178,IF(AND($P$3="Yes",$R$3="Medium Effect",$U$3="No Effect"),$AZ178,IF(AND($P$3="Yes",$R$3="Full Effect",$U$3="No Effect"),$BA178,IF(AND($P$3="No",$R$3="Full Effect",$U$3="Full Effect"),$AX178,IF(AND($P$3="No",$R$3="Medium Effect",$U$3="Full Effect"),$AV178,IF(AND($P$3="No",$R$3="Full Effect",$U$3="Medium Effect"),$AW178,IF(AND($P$3="No",$R$3="Medium Effect",$U$3="Medium Effect"),$AU178,IF(AND($P$3="No",$R$3="No Effect",$U$3="Medium Effect"),$AS178,IF(AND($P$3="No",$R$3="No Effect",$U$3="Full Effect"),$AT178,IF(AND($P$3="No",$R$3="Medium Effect",$U$3="No Effect"),$AQ178,IF(AND($P$3="No",$R$3="Full Effect",$U$3="No Effect"),$AR178,IF(AND($P173="Yes",$R$3="No Effect",$U$3="No Effect"),$AY178,"Use FPTS per GP"))))))))))))))))) -> -0.40878303 | AL178: =IFERROR(VLOOKUP(C178,CALC!$K$2:$M$8,2,FALSE),1) -> 1.01 | AM178: =IFERROR(VLOOKUP(C178,CALC!$K$2:$M$8,3,FALSE),1) -> 1.005 | AN178: =VLOOKUP(B178,CALC!$E$2:$H$33,3,FALSE) -> 1.04 | AO178: =VLOOKUP(B178,CALC!$E$2:$H$33,4,FALSE) -> 1.02 | AQ178: =$AA178*AM178 -> 5.3846225 | AR178: =$AA178*AL178 -> 5.4114117 | AS178: =$AA178*AO178 -> 5.46499 | AT178: =$AA178*AN178 -> 5.5721467 | AU178: =$AA178*AM178*AO178 -> 5.4923149 | AV178: =$AA178*AM178*AN178 -> 5.6000074 | AW178: =$AA178*AL178*AO178 -> 5.5196399 | AX178: =$AA178*AL178*AN178 -> 5.6278681 | AY178: =IF($C178="D",$AA178-$AE$3,$AA178-$AD$3) -> -0.39877381 | AZ178: =$AY178*AM178 -> -0.40076768 | BA178: =$AY178*AL178 -> -0.40276155 | BB178: =$AY178*AO178 -> -0.40674929 | BC178: =$AY178*AN178 -> -0.41472476 | BD178: =$AY178*AM178*AO178 -> -0.40878303 | BE178: =$AY178*AM178*AN178 -> -0.41679839 | BF178: =$AY178*AL178*AO178 -> -0.41081678 | BG178: =$AY178*AL178*AN178 -> -0.41887201
A179: Josh Norris | B179: BUF | C179: =VLOOKUP(A179,CALC!$A$2:$C$494,3,FALSE) -> C | D179: 1 | E179: 84 | F179: 22.6 | G179: 37.7 | H179: 60.3 | I179: 15.9 | J179: 134.8 | K179: 46 | L179: 49.9 | M179: 50.9 | N179: 0.167 | O179: 15.75 | P179: =IF(F$4="Yes",F179*F$5,0) -> 113 | Q179: =IF(G$4="Yes",G179*G$5,0) -> 141.375 | R179: =IF(H$4="Yes",H179*H$5,0) -> 60.3 | S179: =IF(I$4="Yes",I179*I$5,0) -> 7.95 | T179: =IF(J$4="Yes",J179*J$5,0) -> 67.4 | U179: =IF(K$4="Yes",K179*K$5,0) -> 13.8 | V179: =IF(L$4="Yes",L179*L$5,0) -> 29.94 | W179: =IF(M$4="Yes",M179*M$5,0) -> 50.9 | ... Y179: =IF(O$4="Yes",O179*O$5,0) -> 0 | Z179: =SUM(P179:Y179) -> 484.832 | AA179: =Z179/E179 -> 5.7718095 | AB179: =IF(AND($P$3="Yes",$R$3="Full Effect",$U$3="Full Effect"),$BG179,IF(AND($P$3="Yes",$R$3="Medium Effect",$U$3="Full Effect"),$BE179,IF(AND($P$3="Yes",$R$3="Full Effect",$U$3="Medium Effect"),$BF179,IF(AND($P$3="Yes",$R$3="Medium Effect",$U$3="Medium Effect"),$BD179,IF(AND($P$3="Yes",$R$3="No Effect",$U$3="Medium Effect"),$BB179,IF(AND($P$3="Yes",$R$3="No Effect",$U$3="Full Effect"),$BC179,IF(AND($P$3="Yes",$R$3="Medium Effect",$U$3="No Effect"),$AZ179,IF(AND($P$3="Yes",$R$3="Full Effect",$U$3="No Effect"),$BA179,IF(AND($P$3="No",$R$3="Full Effect",$U$3="Full Effect"),$AX179,IF(AND($P$3="No",$R$3="Medium Effect",$U$3="Full Effect"),$AV179,IF(AND($P$3="No",$R$3="Full Effect",$U$3="Medium Effect"),$AW179,IF(AND($P$3="No",$R$3="Medium Effect",$U$3="Medium Effect"),$AU179,IF(AND($P$3="No",$R$3="No Effect",$U$3="Medium Effect"),$AS179,IF(AND($P$3="No",$R$3="No Effect",$U$3="Full Effect"),$AT179,IF(AND($P$3="No",$R$3="Medium Effect",$U$3="No Effect"),$AQ179,IF(AND($P$3="No",$R$3="Full Effect",$U$3="No Effect"),$AR179,IF(AND($P174="Yes",$R$3="No Effect",$U$3="No Effect"),$AY179,"Use FPTS per GP"))))))))))))))))) -> 0.014525875 | AL179: =IFERROR(VLOOKUP(C179,CALC!$K$2:$M$8,2,FALSE),1) -> 0.96 | AM179: =IFERROR(VLOOKUP(C179,CALC!$K$2:$M$8,3,FALSE),1) -> 0.98 | AN179: =VLOOKUP(B179,CALC!$E$2:$H$33,3,FALSE) -> 0.95 | AO179: =VLOOKUP(B179,CALC!$E$2:$H$33,4,FALSE) -> 0.975 | AQ179: =$AA179*AM179 -> 5.6563733 | AR179: =$AA179*AL179 -> 5.5409371 | AS179: =$AA179*AO179 -> 5.6275143 | AT179: =$AA179*AN179 -> 5.483219 | AU179: =$AA179*AM179*AO179 -> 5.514964 | AV179: =$AA179*AM179*AN179 -> 5.3735547 | AW179: =$AA179*AL179*AO179 -> 5.4024137 | AX179: =$AA179*AL179*AN179 -> 5.2638903 | AY179: =IF($C179="D",$AA179-$AE$3,$AA179-$AD$3) -> 0.015202381 | AZ179: =$AY179*AM179 -> 0.014898333 | BA179: =$AY179*AL179 -> 0.014594286 | BB179: =$AY179*AO179 -> 0.014822321 | BC179: =$AY179*AN179 -> 0.014442262 | BD179: =$AY179*AM179*AO179 -> 0.014525875 | BE179: =$AY179*AM179*AN179 -> 0.014153417 | BF179: =$AY179*AL179*AO179 -> 0.014229429 | BG179: =$AY179*AL179*AN179 -> 0.013864571
A180: Matvei Michkov | B180: PHI | C180: =VLOOKUP(A180,CALC!$A$2:$C$494,3,FALSE) -> LW/RW | D180: 2 | E180: 84 | F180: 21.9 | G180: 38.5 | H180: 60.4 | I180: 15.3 | J180: 175.3 | K180: 34 | L180: 22.3 | M180: 58.8 | N180: 0.125 | O180: 15.5 | P180: =IF(F$4="Yes",F180*F$5,0) -> 109.5 | Q180: =IF(G$4="Yes",G180*G$5,0) -> 144.375 | R180: =IF(H$4="Yes",H180*H$5,0) -> 60.4 | S180: =IF(I$4="Yes",I180*I$5,0) -> 7.65 | T180: =IF(J$4="Yes",J180*J$5,0) -> 87.65 | U180: =IF(K$4="Yes",K180*K$5,0) -> 10.2 | V180: =IF(L$4="Yes",L180*L$5,0) -> 13.38 | W180: =IF(M$4="Yes",M180*M$5,0) -> 58.8 | ... Y180: =IF(O$4="Yes",O180*O$5,0) -> 0 | Z180: =SUM(P180:Y180) -> 492.08 | AA180: =Z180/E180 -> 5.8580952 | AB180: =IF(AND($P$3="Yes",$R$3="Full Effect",$U$3="Full Effect"),$BG180,IF(AND($P$3="Yes",$R$3="Medium Effect",$U$3="Full Effect"),$BE180,IF(AND($P$3="Yes",$R$3="Full Effect",$U$3="Medium Effect"),$BF180,IF(AND($P$3="Yes",$R$3="Medium Effect",$U$3="Medium Effect"),$BD180,IF(AND($P$3="Yes",$R$3="No Effect",$U$3="Medium Effect"),$BB180,IF(AND($P$3="Yes",$R$3="No Effect",$U$3="Full Effect"),$BC180,IF(AND($P$3="Yes",$R$3="Medium Effect",$U$3="No Effect"),$AZ180,IF(AND($P$3="Yes",$R$3="Full Effect",$U$3="No Effect"),$BA180,IF(AND($P$3="No",$R$3="Full Effect",$U$3="Full Effect"),$AX180,IF(AND($P$3="No",$R$3="Medium Effect",$U$3="Full Effect"),$AV180,IF(AND($P$3="No",$R$3="Full Effect",$U$3="Medium Effect"),$AW180,IF(AND($P$3="No",$R$3="Medium Effect",$U$3="Medium Effect"),$AU180,IF(AND($P$3="No",$R$3="No Effect",$U$3="Medium Effect"),$AS180,IF(AND($P$3="No",$R$3="No Effect",$U$3="Full Effect"),$AT180,IF(AND($P$3="No",$R$3="Medium Effect",$U$3="No Effect"),$AQ180,IF(AND($P$3="No",$R$3="Full Effect",$U$3="No Effect"),$AR180,IF(AND($P175="Yes",$R$3="No Effect",$U$3="No Effect"),$AY180,"Use FPTS per GP"))))))))))))))))) -> 0.10765857 | AL180: =IFERROR(VLOOKUP(C180,CALC!$K$2:$M$8,2,FALSE),1) -> 1.08 | AM180: =IFERROR(VLOOKUP(C180,CALC!$K$2:$M$8,3,FALSE),1) -> 1.04 | AN180: =VLOOKUP(B180,CALC!$E$2:$H$33,3,FALSE) -> 1.04 | AO180: =VLOOKUP(B180,CALC!$E$2:$H$33,4,FALSE) -> 1.02 | AQ180: =$AA180*AM180 -> 6.092419 | AR180: =$AA180*AL180 -> 6.3267429 | AS180: =$AA180*AO180 -> 5.9752571 | AT180: =$AA180*AN180 -> 6.092419 | AU180: =$AA180*AM180*AO180 -> 6.2142674 | AV180: =$AA180*AM180*AN180 -> 6.3361158 | AW180: =$AA180*AL180*AO180 -> 6.4532777 | AX180: =$AA180*AL180*AN180 -> 6.5798126 | AY180: =IF($C180="D",$AA180-$AE$3,$AA180-$AD$3) -> 0.1014881 | AZ180: =$AY180*AM180 -> 0.10554762 | BA180: =$AY180*AL180 -> 0.10960714 | BB180: =$AY180*AO180 -> 0.10351786 | BC180: =$AY180*AN180 -> 0.10554762 | BD180: =$AY180*AM180*AO180 -> 0.10765857 | BE180: =$AY180*AM180*AN180 -> 0.10976952 | BF180: =$AY180*AL180*AO180 -> 0.11179929 | BG180: =$AY180*AL180*AN180 -> 0.11399143
A181: Jordan Eberle | B181: SEA | C181: =VLOOKUP(A181,CALC!$A$2:$C$494,3,FALSE) -> RW | D181: 1 | E181: 84 | F181: 24.7 | G181: 31 | H181: 55.7 | I181: 15.1 | J181: 170.9 | K181: 44.4 | L181: 44.4 | M181: 30.5 | N181: 0.144 | O181: 18.25 | P181: =IF(F$4="Yes",F181*F$5,0) -> 123.5 | Q181: =IF(G$4="Yes",G181*G$5,0) -> 116.25 | R181: =IF(H$4="Yes",H181*H$5,0) -> 55.7 | S181: =IF(I$4="Yes",I181*I$5,0) -> 7.55 | T181: =IF(J$4="Yes",J181*J$5,0) -> 85.45 | U181: =IF(K$4="Yes",K181*K$5,0) -> 13.32 | V181: =IF(L$4="Yes",L181*L$5,0) -> 26.64 | W181: =IF(M$4="Yes",M181*M$5,0) -> 30.5 | ... Y181: =IF(O$4="Yes",O181*O$5,0) -> 0 | Z181: =SUM(P181:Y181) -> 459.054 | AA181: =Z181/E181 -> 5.4649286 | AB181: =IF(AND($P$3="Yes",$R$3="Full Effect",$U$3="Full Effect"),$BG181,IF(AND($P$3="Yes",$R$3="Medium Effect",$U$3="Full Effect"),$BE181,IF(AND($P$3="Yes",$R$3="Full Effect",$U$3="Medium Effect"),$BF181,IF(AND($P$3="Yes",$R$3="Medium Effect",$U$3="Medium Effect"),$BD181,IF(AND($P$3="Yes",$R$3="No Effect",$U$3="Medium Effect"),$BB181,IF(AND($P$3="Yes",$R$3="No Effect",$U$3="Full Effect"),$BC181,IF(AND($P$3="Yes",$R$3="Medium Effect",$U$3="No Effect"),$AZ181,IF(AND($P$3="Yes",$R$3="Full Effect",$U$3="No Effect"),$BA181,IF(AND($P$3="No",$R$3="Full Effect",$U$3="Full Effect"),$AX181,IF(AND($P$3="No",$R$3="Medium Effect",$U$3="Full Effect"),$AV181,IF(AND($P$3="No",$R$3="Full Effect",$U$3="Medium Effect"),$AW181,IF(AND($P$3="No",$R$3="Medium Effect",$U$3="Medium Effect"),$AU181,IF(AND($P$3="No",$R$3="No Effect",$U$3="Medium Effect"),$AS181,IF(AND($P$3="No",$R$3="No Effect",$U$3="Full Effect"),$AT181,IF(AND($P$3="No",$R$3="Medium Effect",$U$3="No Effect"),$AQ181,IF(AND($P$3="No",$R$3="Full Effect",$U$3="No Effect"),$AR181,IF(AND($P176="Yes",$R$3="No Effect",$U$3="No Effect"),$AY181,"Use FPTS per GP"))))))))))))))))) -> -0.28438661 | AL181: =IFERROR(VLOOKUP(C181,CALC!$K$2:$M$8,2,FALSE),1) -> 0.95 | AM181: =IFERROR(VLOOKUP(C181,CALC!$K$2:$M$8,3,FALSE),1) -> 0.975 | AN181: =VLOOKUP(B181,CALC!$E$2:$H$33,3,FALSE) -> 1 | AO181: =VLOOKUP(B181,CALC!$E$2:$H$33,4,FALSE) -> 1 | AQ181: =$AA181*AM181 -> 5.3283054 | AR181: =$AA181*AL181 -> 5.1916821 | AS181: =$AA181*AO181 -> 5.4649286 | AT181: =$AA181*AN181 -> 5.4649286 | AU181: =$AA181*AM181*AO181 -> 5.3283054 | AV181: =$AA181*AM181*AN181 -> 5.3283054 | AW181: =$AA181*AL181*AO181 -> 5.1916821 | AX181: =$AA181*AL181*AN181 -> 5.1916821 | AY181: =IF($C181="D",$AA181-$AE$3,$AA181-$AD$3) -> -0.29167857 | AZ181: =$AY181*AM181 -> -0.28438661 | BA181: =$AY181*AL181 -> -0.27709464 | BB181: =$AY181*AO181 -> -0.29167857 | BC181: =$AY181*AN181 -> -0.29167857 | BD181: =$AY181*AM181*AO181 -> -0.28438661 | BE181: =$AY181*AM181*AN181 -> -0.28438661 | BF181: =$AY181*AL181*AO181 -> -0.27709464 | BG181: =$AY181*AL181*AN181 -> -0.27709464
A182: Thomas Chabot | B182: OTT | C182: =VLOOKUP(A182,CALC!$A$2:$C$494,3,FALSE) -> D | D182: 2 | E182: 84 | F182: 9.5 | G182: 35.2 | H182: 44.8 | I182: 9.5 | J182: 159.3 | K182: 56.2 | L182: 152.9 | M182: 26.6 | N182: 0.06 | O182: 22.25 | P182: =IF(F$4="Yes",F182*F$5,0) -> 47.5 | Q182: =IF(G$4="Yes",G182*G$5,0) -> 132 | R182: =IF(H$4="Yes",H182*H$5,0) -> 44.8 | S182: =IF(I$4="Yes",I182*I$5,0) -> 4.75 | T182: =IF(J$4="Yes",J182*J$5,0) -> 79.65 | U182: =IF(K$4="Yes",K182*K$5,0) -> 16.86 | V182: =IF(L$4="Yes",L182*L$5,0) -> 91.74 | W182: =IF(M$4="Yes",M182*M$5,0) -> 26.6 | ... Y182: =IF(O$4="Yes",O182*O$5,0) -> 0 | Z182: =SUM(P182:Y182) -> 443.96 | AA182: =Z182/E182 -> 5.2852381 | AB182: =IF(AND($P$3="Yes",$R$3="Full Effect",$U$3="Full Effect"),$BG182,IF(AND($P$3="Yes",$R$3="Medium Effect",$U$3="Full Effect"),$BE182,IF(AND($P$3="Yes",$R$3="Full Effect",$U$3="Medium Effect"),$BF182,IF(AND($P$3="Yes",$R$3="Medium Effect",$U$3="Medium Effect"),$BD182,IF(AND($P$3="Yes",$R$3="No Effect",$U$3="Medium Effect"),$BB182,IF(AND($P$3="Yes",$R$3="No Effect",$U$3="Full Effect"),$BC182,IF(AND($P$3="Yes",$R$3="Medium Effect",$U$3="No Effect"),$AZ182,IF(AND($P$3="Yes",$R$3="Full Effect",$U$3="No Effect"),$BA182,IF(AND($P$3="No",$R$3="Full Effect",$U$3="Full Effect"),$AX182,IF(AND($P$3="No",$R$3="Medium Effect",$U$3="Full Effect"),$AV182,IF(AND($P$3="No",$R$3="Full Effect",$U$3="Medium Effect"),$AW182,IF(AND($P$3="No",$R$3="Medium Effect",$U$3="Medium Effect"),$AU182,IF(AND($P$3="No",$R$3="No Effect",$U$3="Medium Effect"),$AS182,IF(AND($P$3="No",$R$3="No Effect",$U$3="Full Effect"),$AT182,IF(AND($P$3="No",$R$3="Medium Effect",$U$3="No Effect"),$AQ182,IF(AND($P$3="No",$R$3="Full Effect",$U$3="No Effect"),$AR182,IF(AND($P177="Yes",$R$3="No Effect",$U$3="No Effect"),$AY182,"Use FPTS per GP"))))))))))))))))) -> 0.36505976 | AL182: =IFERROR(VLOOKUP(C182,CALC!$K$2:$M$8,2,FALSE),1) -> 1 | AM182: =IFERROR(VLOOKUP(C182,CALC!$K$2:$M$8,3,FALSE),1) -> 1 | AN182: =VLOOKUP(B182,CALC!$E$2:$H$33,3,FALSE) -> 0.97 | AO182: =VLOOKUP(B182,CALC!$E$2:$H$33,4,FALSE) -> 0.985 | AQ182: =$AA182*AM182 -> 5.2852381 | AR182: =$AA182*AL182 -> 5.2852381 | AS182: =$AA182*AO182 -> 5.2059595 | AT182: =$AA182*AN182 -> 5.126681 | AU182: =$AA182*AM182*AO182 -> 5.2059595 | AV182: =$AA182*AM182*AN182 -> 5.126681 | AW182: =$AA182*AL182*AO182 -> 5.2059595 | AX182: =$AA182*AL182*AN182 -> 5.126681 | AY182: =IF($C182="D",$AA182-$AE$3,$AA182-$AD$3) -> 0.37061905 | AZ182: =$AY182*AM182 -> 0.37061905 | BA182: =$AY182*AL182 -> 0.37061905 | BB182: =$AY182*AO182 -> 0.36505976 | BC182: =$AY182*AN182 -> 0.35950048 | BD182: =$AY182*AM182*AO182 -> 0.36505976 | BE182: =$AY182*AM182*AN182 -> 0.35950048 | BF182: =$AY182*AL182*AO182 -> 0.36505976 | BG182: =$AY182*AL182*AN182 -> 0.35950048
A183: Anton Frondell | B183: CHI | C183: =VLOOKUP(A183,CALC!$A$2:$C$494,3,FALSE) -> C | D183: 2 | E183: 84 | F183: 26.1 | G183: 23.3 | H183: 49.4 | I183: 17.3 | J183: 210.7 | K183: 53.9 | L183: 39.2 | M183: 24.5 | N183: 0.124 | O183: 16.75 | P183: =IF(F$4="Yes",F183*F$5,0) -> 130.5 | Q183: =IF(G$4="Yes",G183*G$5,0) -> 87.375 | R183: =IF(H$4="Yes",H183*H$5,0) -> 49.4 | S183: =IF(I$4="Yes",I183*I$5,0) -> 8.65 | T183: =IF(J$4="Yes",J183*J$5,0) -> 105.35 | U183: =IF(K$4="Yes",K183*K$5,0) -> 16.17 | V183: =IF(L$4="Yes",L183*L$5,0) -> 23.52 | W183: =IF(M$4="Yes",M183*M$5,0) -> 24.5 | ... Y183: =IF(O$4="Yes",O183*O$5,0) -> 0 | Z183: =SUM(P183:Y183) -> 445.589 | AA183: =Z183/E183 -> 5.304631 | AB183: =IF(AND($P$3="Yes",$R$3="Full Effect",$U$3="Full Effect"),$BG183,IF(AND($P$3="Yes",$R$3="Medium Effect",$U$3="Full Effect"),$BE183,IF(AND($P$3="Yes",$R$3="Full Effect",$U$3="Medium Effect"),$BF183,IF(AND($P$3="Yes",$R$3="Medium Effect",$U$3="Medium Effect"),$BD183,IF(AND($P$3="Yes",$R$3="No Effect",$U$3="Medium Effect"),$BB183,IF(AND($P$3="Yes",$R$3="No Effect",$U$3="Full Effect"),$BC183,IF(AND($P$3="Yes",$R$3="Medium Effect",$U$3="No Effect"),$AZ183,IF(AND($P$3="Yes",$R$3="Full Effect",$U$3="No Effect"),$BA183,IF(AND($P$3="No",$R$3="Full Effect",$U$3="Full Effect"),$AX183,IF(AND($P$3="No",$R$3="Medium Effect",$U$3="Full Effect"),$AV183,IF(AND($P$3="No",$R$3="Full Effect",$U$3="Medium Effect"),$AW183,IF(AND($P$3="No",$R$3="Medium Effect",$U$3="Medium Effect"),$AU183,IF(AND($P$3="No",$R$3="No Effect",$U$3="Medium Effect"),$AS183,IF(AND($P$3="No",$R$3="No Effect",$U$3="Full Effect"),$AT183,IF(AND($P$3="No",$R$3="Medium Effect",$U$3="No Effect"),$AQ183,IF(AND($P$3="No",$R$3="Full Effect",$U$3="No Effect"),$AR183,IF(AND($P178="Yes",$R$3="No Effect",$U$3="No Effect"),$AY183,"Use FPTS per GP"))))))))))))))))) -> -0.46286882 | AL183: =IFERROR(VLOOKUP(C183,CALC!$K$2:$M$8,2,FALSE),1) -> 0.96 | AM183: =IFERROR(VLOOKUP(C183,CALC!$K$2:$M$8,3,FALSE),1) -> 0.98 | AN183: =VLOOKUP(B183,CALC!$E$2:$H$33,3,FALSE) -> 1.09 | AO183: =VLOOKUP(B183,CALC!$E$2:$H$33,4,FALSE) -> 1.045 | AQ183: =$AA183*AM183 -> 5.1985383 | AR183: =$AA183*AL183 -> 5.0924457 | AS183: =$AA183*AO183 -> 5.5433393 | AT183: =$AA183*AN183 -> 5.7820477 | AU183: =$AA183*AM183*AO183 -> 5.4324726 | AV183: =$AA183*AM183*AN183 -> 5.6664068 | AW183: =$AA183*AL183*AO183 -> 5.3216058 | AX183: =$AA183*AL183*AN183 -> 5.5507658 | AY183: =IF($C183="D",$AA183-$AE$3,$AA183-$AD$3) -> -0.45197619 | AZ183: =$AY183*AM183 -> -0.44293667 | BA183: =$AY183*AL183 -> -0.43389714 | BB183: =$AY183*AO183 -> -0.47231512 | BC183: =$AY183*AN183 -> -0.49265405 | BD183: =$AY183*AM183*AO183 -> -0.46286882 | BE183: =$AY183*AM183*AN183 -> -0.48280097 | BF183: =$AY183*AL183*AO183 -> -0.45342251 | BG183: =$AY183*AL183*AN183 -> -0.47294789
A184: Lawson Crouse | B184: UTA | C184: =VLOOKUP(A184,CALC!$A$2:$C$494,3,FALSE) -> LW/RW | D184: 2 | E184: 84 | F184: 22 | G184: 21.9 | H184: 43.9 | I184: 2 | J184: 150.6 | K184: 230 | L184: 56.6 | M184: 46.1 | N184: 0.146 | O184: 17 | P184: =IF(F$4="Yes",F184*F$5,0) -> 110 | Q184: =IF(G$4="Yes",G184*G$5,0) -> 82.125 | R184: =IF(H$4="Yes",H184*H$5,0) -> 43.9 | S184: =IF(I$4="Yes",I184*I$5,0) -> 1 | T184: =IF(J$4="Yes",J184*J$5,0) -> 75.3 | U184: =IF(K$4="Yes",K184*K$5,0) -> 69 | V184: =IF(L$4="Yes",L184*L$5,0) -> 33.96 | W184: =IF(M$4="Yes",M184*M$5,0) -> 46.1 | ... Y184: =IF(O$4="Yes",O184*O$5,0) -> 0 | Z184: =SUM(P184:Y184) -> 461.531 | AA184: =Z184/E184 -> 5.4944167 | AB184: =IF(AND($P$3="Yes",$R$3="Full Effect",$U$3="Full Effect"),$BG184,IF(AND($P$3="Yes",$R$3="Medium Effect",$U$3="Full Effect"),$BE184,IF(AND($P$3="Yes",$R$3="Full Effect",$U$3="Medium Effect"),$BF184,IF(AND($P$3="Yes",$R$3="Medium Effect",$U$3="Medium Effect"),$BD184,IF(AND($P$3="Yes",$R$3="No Effect",$U$3="Medium Effect"),$BB184,IF(AND($P$3="Yes",$R$3="No Effect",$U$3="Full Effect"),$BC184,IF(AND($P$3="Yes",$R$3="Medium Effect",$U$3="No Effect"),$AZ184,IF(AND($P$3="Yes",$R$3="Full Effect",$U$3="No Effect"),$BA184,IF(AND($P$3="No",$R$3="Full Effect",$U$3="Full Effect"),$AX184,IF(AND($P$3="No",$R$3="Medium Effect",$U$3="Full Effect"),$AV184,IF(AND($P$3="No",$R$3="Full Effect",$U$3="Medium Effect"),$AW184,IF(AND($P$3="No",$R$3="Medium Effect",$U$3="Medium Effect"),$AU184,IF(AND($P$3="No",$R$3="No Effect",$U$3="Medium Effect"),$AS184,IF(AND($P$3="No",$R$3="No Effect",$U$3="Full Effect"),$AT184,IF(AND($P$3="No",$R$3="Medium Effect",$U$3="No Effect"),$AQ184,IF(AND($P$3="No",$R$3="Full Effect",$U$3="No Effect"),$AR184,IF(AND($P179="Yes",$R$3="No Effect",$U$3="No Effect"),$AY184,"Use FPTS per GP"))))))))))))))))) -> -0.28903878 | AL184: =IFERROR(VLOOKUP(C184,CALC!$K$2:$M$8,2,FALSE),1) -> 1.08 | AM184: =IFERROR(VLOOKUP(C184,CALC!$K$2:$M$8,3,FALSE),1) -> 1.04 | AN184: =VLOOKUP(B184,CALC!$E$2:$H$33,3,FALSE) -> 1.12 | AO184: =VLOOKUP(B184,CALC!$E$2:$H$33,4,FALSE) -> 1.06 | AQ184: =$AA184*AM184 -> 5.7141933 | AR184: =$AA184*AL184 -> 5.93397 | AS184: =$AA184*AO184 -> 5.8240817 | AT184: =$AA184*AN184 -> 6.1537467 | AU184: =$AA184*AM184*AO184 -> 6.0570449 | AV184: =$AA184*AM184*AN184 -> 6.3998965 | AW184: =$AA184*AL184*AO184 -> 6.2900082 | AX184: =$AA184*AL184*AN184 -> 6.6460464 | AY184: =IF($C184="D",$AA184-$AE$3,$AA184-$AD$3) -> -0.26219048 | AZ184: =$AY184*AM184 -> -0.2726781 | BA184: =$AY184*AL184 -> -0.28316571 | BB184: =$AY184*AO184 -> -0.2779219 | BC184: =$AY184*AN184 -> -0.29365333 | BD184: =$AY184*AM184*AO184 -> -0.28903878 | BE184: =$AY184*AM184*AN184 -> -0.30539947 | BF184: =$AY184*AL184*AO184 -> -0.30015566 | BG184: =$AY184*AL184*AN184 -> -0.3171456
A185: Gavin McKenna | B185: TOR | C185: =VLOOKUP(A185,CALC!$A$2:$C$494,3,FALSE) -> LW | D185: 1 | E185: 84 | F185: 22.4 | G185: 40.1 | H185: 62.5 | I185: 20.4 | J185: 162.8 | K185: 15.2 | L185: 20.3 | M185: 25.4 | N185: 0.138 | O185: 17.25 | P185: =IF(F$4="Yes",F185*F$5,0) -> 112 | Q185: =IF(G$4="Yes",G185*G$5,0) -> 150.375 | R185: =IF(H$4="Yes",H185*H$5,0) -> 62.5 | S185: =IF(I$4="Yes",I185*I$5,0) -> 10.2 | T185: =IF(J$4="Yes",J185*J$5,0) -> 81.4 | U185: =IF(K$4="Yes",K185*K$5,0) -> 4.56 | V185: =IF(L$4="Yes",L185*L$5,0) -> 12.18 | W185: =IF(M$4="Yes",M185*M$5,0) -> 25.4 | ... Y185: =IF(O$4="Yes",O185*O$5,0) -> 0 | Z185: =SUM(P185:Y185) -> 458.753 | AA185: =Z185/E185 -> 5.4613452 | AB185: =IF(AND($P$3="Yes",$R$3="Full Effect",$U$3="Full Effect"),$BG185,IF(AND($P$3="Yes",$R$3="Medium Effect",$U$3="Full Effect"),$BE185,IF(AND($P$3="Yes",$R$3="Full Effect",$U$3="Medium Effect"),$BF185,IF(AND($P$3="Yes",$R$3="Medium Effect",$U$3="Medium Effect"),$BD185,IF(AND($P$3="Yes",$R$3="No Effect",$U$3="Medium Effect"),$BB185,IF(AND($P$3="Yes",$R$3="No Effect",$U$3="Full Effect"),$BC185,IF(AND($P$3="Yes",$R$3="Medium Effect",$U$3="No Effect"),$AZ185,IF(AND($P$3="Yes",$R$3="Full Effect",$U$3="No Effect"),$BA185,IF(AND($P$3="No",$R$3="Full Effect",$U$3="Full Effect"),$AX185,IF(AND($P$3="No",$R$3="Medium Effect",$U$3="Full Effect"),$AV185,IF(AND($P$3="No",$R$3="Full Effect",$U$3="Medium Effect"),$AW185,IF(AND($P$3="No",$R$3="Medium Effect",$U$3="Medium Effect"),$AU185,IF(AND($P$3="No",$R$3="No Effect",$U$3="Medium Effect"),$AS185,IF(AND($P$3="No",$R$3="No Effect",$U$3="Full Effect"),$AT185,IF(AND($P$3="No",$R$3="Medium Effect",$U$3="No Effect"),$AQ185,IF(AND($P$3="No",$R$3="Full Effect",$U$3="No Effect"),$AR185,IF(AND($P180="Yes",$R$3="No Effect",$U$3="No Effect"),$AY185,"Use FPTS per GP"))))))))))))))))) -> -0.29955797 | AL185: =IFERROR(VLOOKUP(C185,CALC!$K$2:$M$8,2,FALSE),1) -> 1.06 | AM185: =IFERROR(VLOOKUP(C185,CALC!$K$2:$M$8,3,FALSE),1) -> 1.03 | AN185: =VLOOKUP(B185,CALC!$E$2:$H$33,3,FALSE) -> 0.97 | AO185: =VLOOKUP(B185,CALC!$E$2:$H$33,4,FALSE) -> 0.985 | AQ185: =$AA185*AM185 -> 5.6251856 | AR185: =$AA185*AL185 -> 5.789026 | AS185: =$AA185*AO185 -> 5.3794251 | AT185: =$AA185*AN185 -> 5.2975049 | AU185: =$AA185*AM185*AO185 -> 5.5408078 | AV185: =$AA185*AM185*AN185 -> 5.45643 | AW185: =$AA185*AL185*AO185 -> 5.7021906 | AX185: =$AA185*AL185*AN185 -> 5.6153552 | AY185: =IF($C185="D",$AA185-$AE$3,$AA185-$AD$3) -> -0.2952619 | AZ185: =$AY185*AM185 -> -0.30411976 | BA185: =$AY185*AL185 -> -0.31297762 | BB185: =$AY185*AO185 -> -0.29083298 | BC185: =$AY185*AN185 -> -0.28640405 | BD185: =$AY185*AM185*AO185 -> -0.29955797 | BE185: =$AY185*AM185*AN185 -> -0.29499617 | BF185: =$AY185*AL185*AO185 -> -0.30828295 | BG185: =$AY185*AL185*AN185 -> -0.30358829
A186: Brayden Schenn | B186: NYI | C186: =VLOOKUP(A186,CALC!$A$2:$C$494,3,FALSE) -> C/LW | D186: 1 | E186: 84 | F186: 19.6 | G186: 30.6 | H186: 50.1 | I186: 14.6 | J186: 133.9 | K186: 178.7 | L186: 44.4 | M186: 45.4 | N186: 0.146 | O186: 16.25 | P186: =IF(F$4="Yes",F186*F$5,0) -> 98 | Q186: =IF(G$4="Yes",G186*G$5,0) -> 114.75 | R186: =IF(H$4="Yes",H186*H$5,0) -> 50.1 | S186: =IF(I$4="Yes",I186*I$5,0) -> 7.3 | T186: =IF(J$4="Yes",J186*J$5,0) -> 66.95 | U186: =IF(K$4="Yes",K186*K$5,0) -> 53.61 | V186: =IF(L$4="Yes",L186*L$5,0) -> 26.64 | W186: =IF(M$4="Yes",M186*M$5,0) -> 45.4 | ... Y186: =IF(O$4="Yes",O186*O$5,0) -> 0 | Z186: =SUM(P186:Y186) -> 462.896 | AA186: =Z186/E186 -> 5.5106667 | AB186: =IF(AND($P$3="Yes",$R$3="Full Effect",$U$3="Full Effect"),$BG186,IF(AND($P$3="Yes",$R$3="Medium Effect",$U$3="Full Effect"),$BE186,IF(AND($P$3="Yes",$R$3="Full Effect",$U$3="Medium Effect"),$BF186,IF(AND($P$3="Yes",$R$3="Medium Effect",$U$3="Medium Effect"),$BD186,IF(AND($P$3="Yes",$R$3="No Effect",$U$3="Medium Effect"),$BB186,IF(AND($P$3="Yes",$R$3="No Effect",$U$3="Full Effect"),$BC186,IF(AND($P$3="Yes",$R$3="Medium Effect",$U$3="No Effect"),$AZ186,IF(AND($P$3="Yes",$R$3="Full Effect",$U$3="No Effect"),$BA186,IF(AND($P$3="No",$R$3="Full Effect",$U$3="Full Effect"),$AX186,IF(AND($P$3="No",$R$3="Medium Effect",$U$3="Full Effect"),$AV186,IF(AND($P$3="No",$R$3="Full Effect",$U$3="Medium Effect"),$AW186,IF(AND($P$3="No",$R$3="Medium Effect",$U$3="Medium Effect"),$AU186,IF(AND($P$3="No",$R$3="No Effect",$U$3="Medium Effect"),$AS186,IF(AND($P$3="No",$R$3="No Effect",$U$3="Full Effect"),$AT186,IF(AND($P$3="No",$R$3="Medium Effect",$U$3="No Effect"),$AQ186,IF(AND($P$3="No",$R$3="Full Effect",$U$3="No Effect"),$AR186,IF(AND($P181="Yes",$R$3="No Effect",$U$3="No Effect"),$AY186,"Use FPTS per GP"))))))))))))))))) -> -0.24415741 | AL186: =IFERROR(VLOOKUP(C186,CALC!$K$2:$M$8,2,FALSE),1) -> 1.09 | AM186: =IFERROR(VLOOKUP(C186,CALC!$K$2:$M$8,3,FALSE),1) -> 1.045 | AN186: =VLOOKUP(B186,CALC!$E$2:$H$33,3,FALSE) -> 0.9 | AO186: =VLOOKUP(B186,CALC!$E$2:$H$33,4,FALSE) -> 0.95 | AQ186: =$AA186*AM186 -> 5.7586467 | AR186: =$AA186*AL186 -> 6.0066267 | AS186: =$AA186*AO186 -> 5.2351333 | AT186: =$AA186*AN186 -> 4.9596 | AU186: =$AA186*AM186*AO186 -> 5.4707143 | AV186: =$AA186*AM186*AN186 -> 5.182782 | AW186: =$AA186*AL186*AO186 -> 5.7062953 | AX186: =$AA186*AL186*AN186 -> 5.405964 | AY186: =IF($C186="D",$AA186-$AE$3,$AA186-$AD$3) -> -0.24594048 | AZ186: =$AY186*AM186 -> -0.2570078 | BA186: =$AY186*AL186 -> -0.26807512 | BB186: =$AY186*AO186 -> -0.23364345 | BC186: =$AY186*AN186 -> -0.22134643 | BD186: =$AY186*AM186*AO186 -> -0.24415741 | BE186: =$AY186*AM186*AN186 -> -0.23130702 | BF186: =$AY186*AL186*AO186 -> -0.25467136 | BG186: =$AY186*AL186*AN186 -> -0.24126761
A187: Luke Evangelista | B187: NSH | C187: =VLOOKUP(A187,CALC!$A$2:$C$494,3,FALSE) -> LW/RW | D187: 1 | E187: 84 | F187: 15.8 | G187: 44.8 | H187: 60.5 | I187: 15.6 | J187: 180.6 | K187: 25.4 | L187: 20.3 | M187: 30.4 | N187: 0.087 | O187: 16.75 | P187: =IF(F$4="Yes",F187*F$5,0) -> 79 | Q187: =IF(G$4="Yes",G187*G$5,0) -> 168 | R187: =IF(H$4="Yes",H187*H$5,0) -> 60.5 | S187: =IF(I$4="Yes",I187*I$5,0) -> 7.8 | T187: =IF(J$4="Yes",J187*J$5,0) -> 90.3 | U187: =IF(K$4="Yes",K187*K$5,0) -> 7.62 | V187: =IF(L$4="Yes",L187*L$5,0) -> 12.18 | W187: =IF(M$4="Yes",M187*M$5,0) -> 30.4 | ... Y187: =IF(O$4="Yes",O187*O$5,0) -> 0 | Z187: =SUM(P187:Y187) -> 455.887 | AA187: =Z187/E187 -> 5.4272262 | AB187: =IF(AND($P$3="Yes",$R$3="Full Effect",$U$3="Full Effect"),$BG187,IF(AND($P$3="Yes",$R$3="Medium Effect",$U$3="Full Effect"),$BE187,IF(AND($P$3="Yes",$R$3="Full Effect",$U$3="Medium Effect"),$BF187,IF(AND($P$3="Yes",$R$3="Medium Effect",$U$3="Medium Effect"),$BD187,IF(AND($P$3="Yes",$R$3="No Effect",$U$3="Medium Effect"),$BB187,IF(AND($P$3="Yes",$R$3="No Effect",$U$3="Full Effect"),$BC187,IF(AND($P$3="Yes",$R$3="Medium Effect",$U$3="No Effect"),$AZ187,IF(AND($P$3="Yes",$R$3="Full Effect",$U$3="No Effect"),$BA187,IF(AND($P$3="No",$R$3="Full Effect",$U$3="Full Effect"),$AX187,IF(AND($P$3="No",$R$3="Medium Effect",$U$3="Full Effect"),$AV187,IF(AND($P$3="No",$R$3="Full Effect",$U$3="Medium Effect"),$AW187,IF(AND($P$3="No",$R$3="Medium Effect",$U$3="Medium Effect"),$AU187,IF(AND($P$3="No",$R$3="No Effect",$U$3="Medium Effect"),$AS187,IF(AND($P$3="No",$R$3="No Effect",$U$3="Full Effect"),$AT187,IF(AND($P$3="No",$R$3="Medium Effect",$U$3="No Effect"),$AQ187,IF(AND($P$3="No",$R$3="Full Effect",$U$3="No Effect"),$AR187,IF(AND($P182="Yes",$R$3="No Effect",$U$3="No Effect"),$AY187,"Use FPTS per GP"))))))))))))))))) -> -0.30144945 | AL187: =IFERROR(VLOOKUP(C187,CALC!$K$2:$M$8,2,FALSE),1) -> 1.08 | AM187: =IFERROR(VLOOKUP(C187,CALC!$K$2:$M$8,3,FALSE),1) -> 1.04 | AN187: =VLOOKUP(B187,CALC!$E$2:$H$33,3,FALSE) -> 0.76 | AO187: =VLOOKUP(B187,CALC!$E$2:$H$33,4,FALSE) -> 0.88 | AQ187: =$AA187*AM187 -> 5.6443152 | AR187: =$AA187*AL187 -> 5.8614043 | AS187: =$AA187*AO187 -> 4.775959 | AT187: =$AA187*AN187 -> 4.1246919 | AU187: =$AA187*AM187*AO187 -> 4.9669974 | AV187: =$AA187*AM187*AN187 -> 4.2896796 | AW187: =$AA187*AL187*AO187 -> 5.1580358 | AX187: =$AA187*AL187*AN187 -> 4.4546673 | AY187: =IF($C187="D",$AA187-$AE$3,$AA187-$AD$3) -> -0.32938095 | AZ187: =$AY187*AM187 -> -0.34255619 | BA187: =$AY187*AL187 -> -0.35573143 | BB187: =$AY187*AO187 -> -0.28985524 | BC187: =$AY187*AN187 -> -0.25032952 | BD187: =$AY187*AM187*AO187 -> -0.30144945 | BE187: =$AY187*AM187*AN187 -> -0.2603427 | BF187: =$AY187*AL187*AO187 -> -0.31304366 | BG187: =$AY187*AL187*AN187 -> -0.27035589
A188: Bowen Byram | B188: CHI | C188: =VLOOKUP(A188,CALC!$A$2:$C$494,3,FALSE) -> D | D188: 1 | E188: 84 | F188: 13.4 | G188: 35 | H188: 48.4 | I188: 17.4 | J188: 127.1 | K188: 75.5 | L188: 118.9 | M188: 50.6 | N188: 0.106 | O188: 24.75 | P188: =IF(F$4="Yes",F188*F$5,0) -> 67 | Q188: =IF(G$4="Yes",G188*G$5,0) -> 131.25 | R188: =IF(H$4="Yes",H188*H$5,0) -> 48.4 | S188: =IF(I$4="Yes",I188*I$5,0) -> 8.7 | T188: =IF(J$4="Yes",J188*J$5,0) -> 63.55 | U188: =IF(K$4="Yes",K188*K$5,0) -> 22.65 | V188: =IF(L$4="Yes",L188*L$5,0) -> 71.34 | W188: =IF(M$4="Yes",M188*M$5,0) -> 50.6 | ... Y188: =IF(O$4="Yes",O188*O$5,0) -> 0 | Z188: =SUM(P188:Y188) -> 463.596 | AA188: =Z188/E188 -> 5.519 | AB188: =IF(AND($P$3="Yes",$R$3="Full Effect",$U$3="Full Effect"),$BG188,IF(AND($P$3="Yes",$R$3="Medium Effect",$U$3="Full Effect"),$BE188,IF(AND($P$3="Yes",$R$3="Full Effect",$U$3="Medium Effect"),$BF188,IF(AND($P$3="Yes",$R$3="Medium Effect",$U$3="Medium Effect"),$BD188,IF(AND($P$3="Yes",$R$3="No Effect",$U$3="Medium Effect"),$BB188,IF(AND($P$3="Yes",$R$3="No Effect",$U$3="Full Effect"),$BC188,IF(AND($P$3="Yes",$R$3="Medium Effect",$U$3="No Effect"),$AZ188,IF(AND($P$3="Yes",$R$3="Full Effect",$U$3="No Effect"),$BA188,IF(AND($P$3="No",$R$3="Full Effect",$U$3="Full Effect"),$AX188,IF(AND($P$3="No",$R$3="Medium Effect",$U$3="Full Effect"),$AV188,IF(AND($P$3="No",$R$3="Full Effect",$U$3="Medium Effect"),$AW188,IF(AND($P$3="No",$R$3="Medium Effect",$U$3="Medium Effect"),$AU188,IF(AND($P$3="No",$R$3="No Effect",$U$3="Medium Effect"),$AS188,IF(AND($P$3="No",$R$3="No Effect",$U$3="Full Effect"),$AT188,IF(AND($P$3="No",$R$3="Medium Effect",$U$3="No Effect"),$AQ188,IF(AND($P$3="No",$R$3="Full Effect",$U$3="No Effect"),$AR188,IF(AND($P183="Yes",$R$3="No Effect",$U$3="No Effect"),$AY188,"Use FPTS per GP"))))))))))))))))) -> 0.6315781 | AL188: =IFERROR(VLOOKUP(C188,CALC!$K$2:$M$8,2,FALSE),1) -> 1 | AM188: =IFERROR(VLOOKUP(C188,CALC!$K$2:$M$8,3,FALSE),1) -> 1 | AN188: =VLOOKUP(B188,CALC!$E$2:$H$33,3,FALSE) -> 1.09 | AO188: =VLOOKUP(B188,CALC!$E$2:$H$33,4,FALSE) -> 1.045 | AQ188: =$AA188*AM188 -> 5.519 | AR188: =$AA188*AL188 -> 5.519 | AS188: =$AA188*AO188 -> 5.767355 | AT188: =$AA188*AN188 -> 6.01571 | AU188: =$AA188*AM188*AO188 -> 5.767355 | AV188: =$AA188*AM188*AN188 -> 6.01571 | AW188: =$AA188*AL188*AO188 -> 5.767355 | AX188: =$AA188*AL188*AN188 -> 6.01571 | AY188: =IF($C188="D",$AA188-$AE$3,$AA188-$AD$3) -> 0.60438095 | AZ188: =$AY188*AM188 -> 0.60438095 | BA188: =$AY188*AL188 -> 0.60438095 | BB188: =$AY188*AO188 -> 0.6315781 | BC188: =$AY188*AN188 -> 0.65877524 | BD188: =$AY188*AM188*AO188 -> 0.6315781 | BE188: =$AY188*AM188*AN188 -> 0.65877524 | BF188: =$AY188*AL188*AO188 -> 0.6315781 | BG188: =$AY188*AL188*AN188 -> 0.65877524
A189: Kiefer Sherwood | B189: SJS | C189: =VLOOKUP(A189,CALC!$A$2:$C$494,3,FALSE) -> LW/RW | E189: 84 | F189: 19.5 | G189: 16.6 | H189: 36.1 | I189: 2.4 | J189: 155.1 | K189: 355.6 | L189: 31.3 | M189: 40.6 | N189: 0.126 | O189: 15 | P189: =IF(F$4="Yes",F189*F$5,0) -> 97.5 | Q189: =IF(G$4="Yes",G189*G$5,0) -> 62.25 | R189: =IF(H$4="Yes",H189*H$5,0) -> 36.1 | S189: =IF(I$4="Yes",I189*I$5,0) -> 1.2 | T189: =IF(J$4="Yes",J189*J$5,0) -> 77.55 | U189: =IF(K$4="Yes",K189*K$5,0) -> 106.68 | V189: =IF(L$4="Yes",L189*L$5,0) -> 18.78 | W189: =IF(M$4="Yes",M189*M$5,0) -> 40.6 | ... Y189: =IF(O$4="Yes",O189*O$5,0) -> 0 | Z189: =SUM(P189:Y189) -> 440.786 | AA189: =Z189/E189 -> 5.2474524 | AB189: =IF(AND($P$3="Yes",$R$3="Full Effect",$U$3="Full Effect"),$BG189,IF(AND($P$3="Yes",$R$3="Medium Effect",$U$3="Full Effect"),$BE189,IF(AND($P$3="Yes",$R$3="Full Effect",$U$3="Medium Effect"),$BF189,IF(AND($P$3="Yes",$R$3="Medium Effect",$U$3="Medium Effect"),$BD189,IF(AND($P$3="Yes",$R$3="No Effect",$U$3="Medium Effect"),$BB189,IF(AND($P$3="Yes",$R$3="No Effect",$U$3="Full Effect"),$BC189,IF(AND($P$3="Yes",$R$3="Medium Effect",$U$3="No Effect"),$AZ189,IF(AND($P$3="Yes",$R$3="Full Effect",$U$3="No Effect"),$BA189,IF(AND($P$3="No",$R$3="Full Effect",$U$3="Full Effect"),$AX189,IF(AND($P$3="No",$R$3="Medium Effect",$U$3="Full Effect"),$AV189,IF(AND($P$3="No",$R$3="Full Effect",$U$3="Medium Effect"),$AW189,IF(AND($P$3="No",$R$3="Medium Effect",$U$3="Medium Effect"),$AU189,IF(AND($P$3="No",$R$3="No Effect",$U$3="Medium Effect"),$AS189,IF(AND($P$3="No",$R$3="No Effect",$U$3="Full Effect"),$AT189,IF(AND($P$3="No",$R$3="Medium Effect",$U$3="No Effect"),$AQ189,IF(AND($P$3="No",$R$3="Full Effect",$U$3="No Effect"),$AR189,IF(AND($P184="Yes",$R$3="No Effect",$U$3="No Effect"),$AY189,"Use FPTS per GP"))))))))))))))))) -> -0.5533494 | AL189: =IFERROR(VLOOKUP(C189,CALC!$K$2:$M$8,2,FALSE),1) -> 1.08 | AM189: =IFERROR(VLOOKUP(C189,CALC!$K$2:$M$8,3,FALSE),1) -> 1.04 | AN189: =VLOOKUP(B189,CALC!$E$2:$H$33,3,FALSE) -> 1.09 | AO189: =VLOOKUP(B189,CALC!$E$2:$H$33,4,FALSE) -> 1.045 | AQ189: =$AA189*AM189 -> 5.4573505 | AR189: =$AA189*AL189 -> 5.6672486 | AS189: =$AA189*AO189 -> 5.4835877 | AT189: =$AA189*AN189 -> 5.7197231 | AU189: =$AA189*AM189*AO189 -> 5.7029312 | AV189: =$AA189*AM189*AN189 -> 5.948512 | AW189: =$AA189*AL189*AO189 -> 5.9222748 | AX189: =$AA189*AL189*AN189 -> 6.1773009 | AY189: =IF($C189="D",$AA189-$AE$3,$AA189-$AD$3) -> -0.50915476 | AZ189: =$AY189*AM189 -> -0.52952095 | BA189: =$AY189*AL189 -> -0.54988714 | BB189: =$AY189*AO189 -> -0.53206673 | BC189: =$AY189*AN189 -> -0.55497869 | BD189: =$AY189*AM189*AO189 -> -0.5533494 | BE189: =$AY189*AM189*AN189 -> -0.57717784 | BF189: =$AY189*AL189*AO189 -> -0.57463206 | BG189: =$AY189*AL189*AN189 -> -0.59937699
A190: Anders Lee | B190: UTA | C190: =VLOOKUP(A190,CALC!$A$2:$C$494,3,FALSE) -> LW | D190: 2 | E190: 84 | F190: 26.1 | G190: 19.3 | H190: 45.4 | I190: 7.9 | J190: 202.7 | K190: 108 | L190: 38.5 | M190: 41 | N190: 0.129 | O190: 15.25 | P190: =IF(F$4="Yes",F190*F$5,0) -> 130.5 | Q190: =IF(G$4="Yes",G190*G$5,0) -> 72.375 | R190: =IF(H$4="Yes",H190*H$5,0) -> 45.4 | S190: =IF(I$4="Yes",I190*I$5,0) -> 3.95 | T190: =IF(J$4="Yes",J190*J$5,0) -> 101.35 | U190: =IF(K$4="Yes",K190*K$5,0) -> 32.4 | V190: =IF(L$4="Yes",L190*L$5,0) -> 23.1 | W190: =IF(M$4="Yes",M190*M$5,0) -> 41 | ... Y190: =IF(O$4="Yes",O190*O$5,0) -> 0 | Z190: =SUM(P190:Y190) -> 450.204 | AA190: =Z190/E190 -> 5.3595714 | AB190: =IF(AND($P$3="Yes",$R$3="Full Effect",$U$3="Full Effect"),$BG190,IF(AND($P$3="Yes",$R$3="Medium Effect",$U$3="Full Effect"),$BE190,IF(AND($P$3="Yes",$R$3="Full Effect",$U$3="Medium Effect"),$BF190,IF(AND($P$3="Yes",$R$3="Medium Effect",$U$3="Medium Effect"),$BD190,IF(AND($P$3="Yes",$R$3="No Effect",$U$3="Medium Effect"),$BB190,IF(AND($P$3="Yes",$R$3="No Effect",$U$3="Full Effect"),$BC190,IF(AND($P$3="Yes",$R$3="Medium Effect",$U$3="No Effect"),$AZ190,IF(AND($P$3="Yes",$R$3="Full Effect",$U$3="No Effect"),$BA190,IF(AND($P$3="No",$R$3="Full Effect",$U$3="Full Effect"),$AX190,IF(AND($P$3="No",$R$3="Medium Effect",$U$3="Full Effect"),$AV190,IF(AND($P$3="No",$R$3="Full Effect",$U$3="Medium Effect"),$AW190,IF(AND($P$3="No",$R$3="Medium Effect",$U$3="Medium Effect"),$AU190,IF(AND($P$3="No",$R$3="No Effect",$U$3="Medium Effect"),$AS190,IF(AND($P$3="No",$R$3="No Effect",$U$3="Full Effect"),$AT190,IF(AND($P$3="No",$R$3="Medium Effect",$U$3="No Effect"),$AQ190,IF(AND($P$3="No",$R$3="Full Effect",$U$3="No Effect"),$AR190,IF(AND($P185="Yes",$R$3="No Effect",$U$3="No Effect"),$AY190,"Use FPTS per GP"))))))))))))))))) -> -0.43348359 | AL190: =IFERROR(VLOOKUP(C190,CALC!$K$2:$M$8,2,FALSE),1) -> 1.06 | AM190: =IFERROR(VLOOKUP(C190,CALC!$K$2:$M$8,3,FALSE),1) -> 1.03 | AN190: =VLOOKUP(B190,CALC!$E$2:$H$33,3,FALSE) -> 1.12 | AO190: =VLOOKUP(B190,CALC!$E$2:$H$33,4,FALSE) -> 1.06 | AQ190: =$AA190*AM190 -> 5.5203586 | AR190: =$AA190*AL190 -> 5.6811457 | AS190: =$AA190*AO190 -> 5.6811457 | AT190: =$AA190*AN190 -> 6.00272 | AU190: =$AA190*AM190*AO190 -> 5.8515801 | AV190: =$AA190*AM190*AN190 -> 6.1828016 | AW190: =$AA190*AL190*AO190 -> 6.0220145 | AX190: =$AA190*AL190*AN190 -> 6.3628832 | AY190: =IF($C190="D",$AA190-$AE$3,$AA190-$AD$3) -> -0.39703571 | AZ190: =$AY190*AM190 -> -0.40894679 | BA190: =$AY190*AL190 -> -0.42085786 | BB190: =$AY190*AO190 -> -0.42085786 | BC190: =$AY190*AN190 -> -0.44468 | BD190: =$AY190*AM190*AO190 -> -0.43348359 | BE190: =$AY190*AM190*AN190 -> -0.4580204 | BF190: =$AY190*AL190*AO190 -> -0.44610933 | BG190: =$AY190*AL190*AN190 -> -0.4713608
A191: Luke Hughes | B191: NJD | C191: =VLOOKUP(A191,CALC!$A$2:$C$494,3,FALSE) -> D | D191: 1 | E191: 84 | F191: 10.8 | G191: 42.3 | H191: 53.1 | I191: 22.1 | J191: 181.9 | K191: 23.4 | L191: 69.9 | M191: 31 | N191: 0.059 | O191: 23.25 | P191: =IF(F$4="Yes",F191*F$5,0) -> 54 | Q191: =IF(G$4="Yes",G191*G$5,0) -> 158.625 | R191: =IF(H$4="Yes",H191*H$5,0) -> 53.1 | S191: =IF(I$4="Yes",I191*I$5,0) -> 11.05 | T191: =IF(J$4="Yes",J191*J$5,0) -> 90.95 | U191: =IF(K$4="Yes",K191*K$5,0) -> 7.02 | V191: =IF(L$4="Yes",L191*L$5,0) -> 41.94 | W191: =IF(M$4="Yes",M191*M$5,0) -> 31 | ... Y191: =IF(O$4="Yes",O191*O$5,0) -> 0 | Z191: =SUM(P191:Y191) -> 447.744 | AA191: =Z191/E191 -> 5.3302857 | AB191: =IF(AND($P$3="Yes",$R$3="Full Effect",$U$3="Full Effect"),$BG191,IF(AND($P$3="Yes",$R$3="Medium Effect",$U$3="Full Effect"),$BE191,IF(AND($P$3="Yes",$R$3="Full Effect",$U$3="Medium Effect"),$BF191,IF(AND($P$3="Yes",$R$3="Medium Effect",$U$3="Medium Effect"),$BD191,IF(AND($P$3="Yes",$R$3="No Effect",$U$3="Medium Effect"),$BB191,IF(AND($P$3="Yes",$R$3="No Effect",$U$3="Full Effect"),$BC191,IF(AND($P$3="Yes",$R$3="Medium Effect",$U$3="No Effect"),$AZ191,IF(AND($P$3="Yes",$R$3="Full Effect",$U$3="No Effect"),$BA191,IF(AND($P$3="No",$R$3="Full Effect",$U$3="Full Effect"),$AX191,IF(AND($P$3="No",$R$3="Medium Effect",$U$3="Full Effect"),$AV191,IF(AND($P$3="No",$R$3="Full Effect",$U$3="Medium Effect"),$AW191,IF(AND($P$3="No",$R$3="Medium Effect",$U$3="Medium Effect"),$AU191,IF(AND($P$3="No",$R$3="No Effect",$U$3="Medium Effect"),$AS191,IF(AND($P$3="No",$R$3="No Effect",$U$3="Full Effect"),$AT191,IF(AND($P$3="No",$R$3="Medium Effect",$U$3="No Effect"),$AQ191,IF(AND($P$3="No",$R$3="Full Effect",$U$3="No Effect"),$AR191,IF(AND($P186="Yes",$R$3="No Effect",$U$3="No Effect"),$AY191,"Use FPTS per GP"))))))))))))))))) -> 0.40111833 | AL191: =IFERROR(VLOOKUP(C191,CALC!$K$2:$M$8,2,FALSE),1) -> 1 | AM191: =IFERROR(VLOOKUP(C191,CALC!$K$2:$M$8,3,FALSE),1) -> 1 | AN191: =VLOOKUP(B191,CALC!$E$2:$H$33,3,FALSE) -> 0.93 | AO191: =VLOOKUP(B191,CALC!$E$2:$H$33,4,FALSE) -> 0.965 | AQ191: =$AA191*AM191 -> 5.3302857 | AR191: =$AA191*AL191 -> 5.3302857 | AS191: =$AA191*AO191 -> 5.1437257 | AT191: =$AA191*AN191 -> 4.9571657 | AU191: =$AA191*AM191*AO191 -> 5.1437257 | AV191: =$AA191*AM191*AN191 -> 4.9571657 | AW191: =$AA191*AL191*AO191 -> 5.1437257 | AX191: =$AA191*AL191*AN191 -> 4.9571657 | AY191: =IF($C191="D",$AA191-$AE$3,$AA191-$AD$3) -> 0.41566667 | AZ191: =$AY191*AM191 -> 0.41566667 | BA191: =$AY191*AL191 -> 0.41566667 | BB191: =$AY191*AO191 -> 0.40111833 | BC191: =$AY191*AN191 -> 0.38657 | BD191: =$AY191*AM191*AO191 -> 0.40111833 | BE191: =$AY191*AM191*AN191 -> 0.38657 | BF191: =$AY191*AL191*AO191 -> 0.40111833 | BG191: =$AY191*AL191*AN191 -> 0.38657
A192: Anton Lundell | B192: FLA | C192: =VLOOKUP(A192,CALC!$A$2:$C$494,3,FALSE) -> C | D192: 2 | E192: 84 | F192: 21.1 | G192: 27.9 | H192: 49 | I192: 9.7 | J192: 167 | K192: 105.4 | L192: 49.7 | M192: 40.7 | N192: 0.126 | O192: 17.5 | P192: =IF(F$4="Yes",F192*F$5,0) -> 105.5 | Q192: =IF(G$4="Yes",G192*G$5,0) -> 104.625 | R192: =IF(H$4="Yes",H192*H$5,0) -> 49 | S192: =IF(I$4="Yes",I192*I$5,0) -> 4.85 | T192: =IF(J$4="Yes",J192*J$5,0) -> 83.5 | U192: =IF(K$4="Yes",K192*K$5,0) -> 31.62 | V192: =IF(L$4="Yes",L192*L$5,0) -> 29.82 | W192: =IF(M$4="Yes",M192*M$5,0) -> 40.7 | ... Y192: =IF(O$4="Yes",O192*O$5,0) -> 0 | Z192: =SUM(P192:Y192) -> 449.741 | AA192: =Z192/E192 -> 5.3540595 | AB192: =IF(AND($P$3="Yes",$R$3="Full Effect",$U$3="Full Effect"),$BG192,IF(AND($P$3="Yes",$R$3="Medium Effect",$U$3="Full Effect"),$BE192,IF(AND($P$3="Yes",$R$3="Full Effect",$U$3="Medium Effect"),$BF192,IF(AND($P$3="Yes",$R$3="Medium Effect",$U$3="Medium Effect"),$BD192,IF(AND($P$3="Yes",$R$3="No Effect",$U$3="Medium Effect"),$BB192,IF(AND($P$3="Yes",$R$3="No Effect",$U$3="Full Effect"),$BC192,IF(AND($P$3="Yes",$R$3="Medium Effect",$U$3="No Effect"),$AZ192,IF(AND($P$3="Yes",$R$3="Full Effect",$U$3="No Effect"),$BA192,IF(AND($P$3="No",$R$3="Full Effect",$U$3="Full Effect"),$AX192,IF(AND($P$3="No",$R$3="Medium Effect",$U$3="Full Effect"),$AV192,IF(AND($P$3="No",$R$3="Full Effect",$U$3="Medium Effect"),$AW192,IF(AND($P$3="No",$R$3="Medium Effect",$U$3="Medium Effect"),$AU192,IF(AND($P$3="No",$R$3="No Effect",$U$3="Medium Effect"),$AS192,IF(AND($P$3="No",$R$3="No Effect",$U$3="Full Effect"),$AT192,IF(AND($P$3="No",$R$3="Medium Effect",$U$3="No Effect"),$AQ192,IF(AND($P$3="No",$R$3="Full Effect",$U$3="No Effect"),$AR192,IF(AND($P187="Yes",$R$3="No Effect",$U$3="No Effect"),$AY192,"Use FPTS per GP"))))))))))))))))) -> -0.39449667 | AL192: =IFERROR(VLOOKUP(C192,CALC!$K$2:$M$8,2,FALSE),1) -> 0.96 | AM192: =IFERROR(VLOOKUP(C192,CALC!$K$2:$M$8,3,FALSE),1) -> 0.98 | AN192: =VLOOKUP(B192,CALC!$E$2:$H$33,3,FALSE) -> 1 | AO192: =VLOOKUP(B192,CALC!$E$2:$H$33,4,FALSE) -> 1 | AQ192: =$AA192*AM192 -> 5.2469783 | AR192: =$AA192*AL192 -> 5.1398971 | AS192: =$AA192*AO192 -> 5.3540595 | AT192: =$AA192*AN192 -> 5.3540595 | AU192: =$AA192*AM192*AO192 -> 5.2469783 | AV192: =$AA192*AM192*AN192 -> 5.2469783 | AW192: =$AA192*AL192*AO192 -> 5.1398971 | AX192: =$AA192*AL192*AN192 -> 5.1398971 | AY192: =IF($C192="D",$AA192-$AE$3,$AA192-$AD$3) -> -0.40254762 | AZ192: =$AY192*AM192 -> -0.39449667 | BA192: =$AY192*AL192 -> -0.38644571 | BB192: =$AY192*AO192 -> -0.40254762 | BC192: =$AY192*AN192 -> -0.40254762 | BD192: =$AY192*AM192*AO192 -> -0.39449667 | BE192: =$AY192*AM192*AN192 -> -0.39449667 | BF192: =$AY192*AL192*AO192 -> -0.38644571 | BG192: =$AY192*AL192*AN192 -> -0.38644571
A193: Filip Hronek | B193: VAN | C193: =VLOOKUP(A193,CALC!$A$2:$C$494,3,FALSE) -> D | D193: 2 | E193: 84 | F193: 7.7 | G193: 37.6 | H193: 45.3 | I193: 14.7 | J193: 139.7 | K193: 126.9 | L193: 107.1 | M193: 38.7 | N193: 0.055 | O193: 24.25 | P193: =IF(F$4="Yes",F193*F$5,0) -> 38.5 | Q193: =IF(G$4="Yes",G193*G$5,0) -> 141 | R193: =IF(H$4="Yes",H193*H$5,0) -> 45.3 | S193: =IF(I$4="Yes",I193*I$5,0) -> 7.35 | T193: =IF(J$4="Yes",J193*J$5,0) -> 69.85 | U193: =IF(K$4="Yes",K193*K$5,0) -> 38.07 | V193: =IF(L$4="Yes",L193*L$5,0) -> 64.26 | W193: =IF(M$4="Yes",M193*M$5,0) -> 38.7 | ... Y193: =IF(O$4="Yes",O193*O$5,0) -> 0 | Z193: =SUM(P193:Y193) -> 443.085 | AA193: =Z193/E193 -> 5.2748214 | AB193: =IF(AND($P$3="Yes",$R$3="Full Effect",$U$3="Full Effect"),$BG193,IF(AND($P$3="Yes",$R$3="Medium Effect",$U$3="Full Effect"),$BE193,IF(AND($P$3="Yes",$R$3="Full Effect",$U$3="Medium Effect"),$BF193,IF(AND($P$3="Yes",$R$3="Medium Effect",$U$3="Medium Effect"),$BD193,IF(AND($P$3="Yes",$R$3="No Effect",$U$3="Medium Effect"),$BB193,IF(AND($P$3="Yes",$R$3="No Effect",$U$3="Full Effect"),$BC193,IF(AND($P$3="Yes",$R$3="Medium Effect",$U$3="No Effect"),$AZ193,IF(AND($P$3="Yes",$R$3="Full Effect",$U$3="No Effect"),$BA193,IF(AND($P$3="No",$R$3="Full Effect",$U$3="Full Effect"),$AX193,IF(AND($P$3="No",$R$3="Medium Effect",$U$3="Full Effect"),$AV193,IF(AND($P$3="No",$R$3="Full Effect",$U$3="Medium Effect"),$AW193,IF(AND($P$3="No",$R$3="Medium Effect",$U$3="Medium Effect"),$AU193,IF(AND($P$3="No",$R$3="No Effect",$U$3="Medium Effect"),$AS193,IF(AND($P$3="No",$R$3="No Effect",$U$3="Full Effect"),$AT193,IF(AND($P$3="No",$R$3="Medium Effect",$U$3="No Effect"),$AQ193,IF(AND($P$3="No",$R$3="Full Effect",$U$3="No Effect"),$AR193,IF(AND($P188="Yes",$R$3="No Effect",$U$3="No Effect"),$AY193,"Use FPTS per GP"))))))))))))))))) -> 0.3638044 | AL193: =IFERROR(VLOOKUP(C193,CALC!$K$2:$M$8,2,FALSE),1) -> 1 | AM193: =IFERROR(VLOOKUP(C193,CALC!$K$2:$M$8,3,FALSE),1) -> 1 | AN193: =VLOOKUP(B193,CALC!$E$2:$H$33,3,FALSE) -> 1.02 | AO193: =VLOOKUP(B193,CALC!$E$2:$H$33,4,FALSE) -> 1.01 | AQ193: =$AA193*AM193 -> 5.2748214 | AR193: =$AA193*AL193 -> 5.2748214 | AS193: =$AA193*AO193 -> 5.3275696 | AT193: =$AA193*AN193 -> 5.3803179 | AU193: =$AA193*AM193*AO193 -> 5.3275696 | AV193: =$AA193*AM193*AN193 -> 5.3803179 | AW193: =$AA193*AL193*AO193 -> 5.3275696 | AX193: =$AA193*AL193*AN193 -> 5.3803179 | AY193: =IF($C193="D",$AA193-$AE$3,$AA193-$AD$3) -> 0.36020238 | AZ193: =$AY193*AM193 -> 0.36020238 | BA193: =$AY193*AL193 -> 0.36020238 | BB193: =$AY193*AO193 -> 0.3638044 | BC193: =$AY193*AN193 -> 0.36740643 | BD193: =$AY193*AM193*AO193 -> 0.3638044 | BE193: =$AY193*AM193*AN193 -> 0.36740643 | BF193: =$AY193*AL193*AO193 -> 0.3638044 | BG193: =$AY193*AL193*AN193 -> 0.36740643
A194: Matty Beniers | B194: SEA | C194: =VLOOKUP(A194,CALC!$A$2:$C$494,3,FALSE) -> C | D194: 1 | E194: 84 | F194: 20.8 | G194: 32.2 | H194: 53 | I194: 13.5 | J194: 149.7 | K194: 33.8 | L194: 68.7 | M194: 20.7 | N194: 0.139 | O194: 19.25 | P194: =IF(F$4="Yes",F194*F$5,0) -> 104 | Q194: =IF(G$4="Yes",G194*G$5,0) -> 120.75 | R194: =IF(H$4="Yes",H194*H$5,0) -> 53 | S194: =IF(I$4="Yes",I194*I$5,0) -> 6.75 | T194: =IF(J$4="Yes",J194*J$5,0) -> 74.85 | U194: =IF(K$4="Yes",K194*K$5,0) -> 10.14 | V194: =IF(L$4="Yes",L194*L$5,0) -> 41.22 | W194: =IF(M$4="Yes",M194*M$5,0) -> 20.7 | ... Y194: =IF(O$4="Yes",O194*O$5,0) -> 0 | Z194: =SUM(P194:Y194) -> 431.549 | AA194: =Z194/E194 -> 5.1374881 | AB194: =IF(AND($P$3="Yes",$R$3="Full Effect",$U$3="Full Effect"),$BG194,IF(AND($P$3="Yes",$R$3="Medium Effect",$U$3="Full Effect"),$BE194,IF(AND($P$3="Yes",$R$3="Full Effect",$U$3="Medium Effect"),$BF194,IF(AND($P$3="Yes",$R$3="Medium Effect",$U$3="Medium Effect"),$BD194,IF(AND($P$3="Yes",$R$3="No Effect",$U$3="Medium Effect"),$BB194,IF(AND($P$3="Yes",$R$3="No Effect",$U$3="Full Effect"),$BC194,IF(AND($P$3="Yes",$R$3="Medium Effect",$U$3="No Effect"),$AZ194,IF(AND($P$3="Yes",$R$3="Full Effect",$U$3="No Effect"),$BA194,IF(AND($P$3="No",$R$3="Full Effect",$U$3="Full Effect"),$AX194,IF(AND($P$3="No",$R$3="Medium Effect",$U$3="Full Effect"),$AV194,IF(AND($P$3="No",$R$3="Full Effect",$U$3="Medium Effect"),$AW194,IF(AND($P$3="No",$R$3="Medium Effect",$U$3="Medium Effect"),$AU194,IF(AND($P$3="No",$R$3="No Effect",$U$3="Medium Effect"),$AS194,IF(AND($P$3="No",$R$3="No Effect",$U$3="Full Effect"),$AT194,IF(AND($P$3="No",$R$3="Medium Effect",$U$3="No Effect"),$AQ194,IF(AND($P$3="No",$R$3="Full Effect",$U$3="No Effect"),$AR194,IF(AND($P189="Yes",$R$3="No Effect",$U$3="No Effect"),$AY194,"Use FPTS per GP"))))))))))))))))) -> -0.60673667 | AL194: =IFERROR(VLOOKUP(C194,CALC!$K$2:$M$8,2,FALSE),1) -> 0.96 | AM194: =IFERROR(VLOOKUP(C194,CALC!$K$2:$M$8,3,FALSE),1) -> 0.98 | AN194: =VLOOKUP(B194,CALC!$E$2:$H$33,3,FALSE) -> 1 | AO194: =VLOOKUP(B194,CALC!$E$2:$H$33,4,FALSE) -> 1 | AQ194: =$AA194*AM194 -> 5.0347383 | AR194: =$AA194*AL194 -> 4.9319886 | AS194: =$AA194*AO194 -> 5.1374881 | AT194: =$AA194*AN194 -> 5.1374881 | AU194: =$AA194*AM194*AO194 -> 5.0347383 | AV194: =$AA194*AM194*AN194 -> 5.0347383 | AW194: =$AA194*AL194*AO194 -> 4.9319886 | AX194: =$AA194*AL194*AN194 -> 4.9319886 | AY194: =IF($C194="D",$AA194-$AE$3,$AA194-$AD$3) -> -0.61911905 | AZ194: =$AY194*AM194 -> -0.60673667 | BA194: =$AY194*AL194 -> -0.59435429 | BB194: =$AY194*AO194 -> -0.61911905 | BC194: =$AY194*AN194 -> -0.61911905 | BD194: =$AY194*AM194*AO194 -> -0.60673667 | BE194: =$AY194*AM194*AN194 -> -0.60673667 | BF194: =$AY194*AL194*AO194 -> -0.59435429 | BG194: =$AY194*AL194*AN194 -> -0.59435429
A195: Chris Kreider | B195: ANA | C195: =VLOOKUP(A195,CALC!$A$2:$C$494,3,FALSE) -> LW | D195: 1 | E195: 84 | F195: 24 | G195: 29.5 | H195: 53.4 | I195: 17.1 | J195: 157.2 | K195: 81 | L195: 24.1 | M195: 33.1 | N195: 0.153 | O195: 17 | P195: =IF(F$4="Yes",F195*F$5,0) -> 120 | Q195: =IF(G$4="Yes",G195*G$5,0) -> 110.625 | R195: =IF(H$4="Yes",H195*H$5,0) -> 53.4 | S195: =IF(I$4="Yes",I195*I$5,0) -> 8.55 | T195: =IF(J$4="Yes",J195*J$5,0) -> 78.6 | U195: =IF(K$4="Yes",K195*K$5,0) -> 24.3 | V195: =IF(L$4="Yes",L195*L$5,0) -> 14.46 | W195: =IF(M$4="Yes",M195*M$5,0) -> 33.1 | ... Y195: =IF(O$4="Yes",O195*O$5,0) -> 0 | Z195: =SUM(P195:Y195) -> 443.188 | AA195: =Z195/E195 -> 5.2760476 | AB195: =IF(AND($P$3="Yes",$R$3="Full Effect",$U$3="Full Effect"),$BG195,IF(AND($P$3="Yes",$R$3="Medium Effect",$U$3="Full Effect"),$BE195,IF(AND($P$3="Yes",$R$3="Full Effect",$U$3="Medium Effect"),$BF195,IF(AND($P$3="Yes",$R$3="Medium Effect",$U$3="Medium Effect"),$BD195,IF(AND($P$3="Yes",$R$3="No Effect",$U$3="Medium Effect"),$BB195,IF(AND($P$3="Yes",$R$3="No Effect",$U$3="Full Effect"),$BC195,IF(AND($P$3="Yes",$R$3="Medium Effect",$U$3="No Effect"),$AZ195,IF(AND($P$3="Yes",$R$3="Full Effect",$U$3="No Effect"),$BA195,IF(AND($P$3="No",$R$3="Full Effect",$U$3="Full Effect"),$AX195,IF(AND($P$3="No",$R$3="Medium Effect",$U$3="Full Effect"),$AV195,IF(AND($P$3="No",$R$3="Full Effect",$U$3="Medium Effect"),$AW195,IF(AND($P$3="No",$R$3="Medium Effect",$U$3="Medium Effect"),$AU195,IF(AND($P$3="No",$R$3="No Effect",$U$3="Medium Effect"),$AS195,IF(AND($P$3="No",$R$3="No Effect",$U$3="Full Effect"),$AT195,IF(AND($P$3="No",$R$3="Medium Effect",$U$3="No Effect"),$AQ195,IF(AND($P$3="No",$R$3="Full Effect",$U$3="No Effect"),$AR195,IF(AND($P190="Yes",$R$3="No Effect",$U$3="No Effect"),$AY195,"Use FPTS per GP"))))))))))))))))) -> -0.51725024 | AL195: =IFERROR(VLOOKUP(C195,CALC!$K$2:$M$8,2,FALSE),1) -> 1.06 | AM195: =IFERROR(VLOOKUP(C195,CALC!$K$2:$M$8,3,FALSE),1) -> 1.03 | AN195: =VLOOKUP(B195,CALC!$E$2:$H$33,3,FALSE) -> 1.09 | AO195: =VLOOKUP(B195,CALC!$E$2:$H$33,4,FALSE) -> 1.045 | AQ195: =$AA195*AM195 -> 5.434329 | AR195: =$AA195*AL195 -> 5.5926105 | AS195: =$AA195*AO195 -> 5.5134698 | AT195: =$AA195*AN195 -> 5.7508919 | AU195: =$AA195*AM195*AO195 -> 5.6788739 | AV195: =$AA195*AM195*AN195 -> 5.9234187 | AW195: =$AA195*AL195*AO195 -> 5.8442779 | AX195: =$AA195*AL195*AN195 -> 6.0959454 | AY195: =IF($C195="D",$AA195-$AE$3,$AA195-$AD$3) -> -0.48055952 | AZ195: =$AY195*AM195 -> -0.49497631 | BA195: =$AY195*AL195 -> -0.5093931 | BB195: =$AY195*AO195 -> -0.5021847 | BC195: =$AY195*AN195 -> -0.52380988 | BD195: =$AY195*AM195*AO195 -> -0.51725024 | BE195: =$AY195*AM195*AN195 -> -0.53952418 | BF195: =$AY195*AL195*AO195 -> -0.53231578 | BG195: =$AY195*AL195*AN195 -> -0.55523847
A196: Vince Dunn | B196: SEA | C196: =VLOOKUP(A196,CALC!$A$2:$C$494,3,FALSE) -> D | D196: 1 | E196: 84 | F196: 13.2 | G196: 33.5 | H196: 46.8 | I196: 20.9 | J196: 182.2 | K196: 26.9 | L196: 89.6 | M196: 49.2 | N196: 0.073 | O196: 21.25 | P196: =IF(F$4="Yes",F196*F$5,0) -> 66 | Q196: =IF(G$4="Yes",G196*G$5,0) -> 125.625 | R196: =IF(H$4="Yes",H196*H$5,0) -> 46.8 | S196: =IF(I$4="Yes",I196*I$5,0) -> 10.45 | T196: =IF(J$4="Yes",J196*J$5,0) -> 91.1 | U196: =IF(K$4="Yes",K196*K$5,0) -> 8.07 | V196: =IF(L$4="Yes",L196*L$5,0) -> 53.76 | W196: =IF(M$4="Yes",M196*M$5,0) -> 49.2 | ... Y196: =IF(O$4="Yes",O196*O$5,0) -> 0 | Z196: =SUM(P196:Y196) -> 451.078 | AA196: =Z196/E196 -> 5.3699762 | AB196: =IF(AND($P$3="Yes",$R$3="Full Effect",$U$3="Full Effect"),$BG196,IF(AND($P$3="Yes",$R$3="Medium Effect",$U$3="Full Effect"),$BE196,IF(AND($P$3="Yes",$R$3="Full Effect",$U$3="Medium Effect"),$BF196,IF(AND($P$3="Yes",$R$3="Medium Effect",$U$3="Medium Effect"),$BD196,IF(AND($P$3="Yes",$R$3="No Effect",$U$3="Medium Effect"),$BB196,IF(AND($P$3="Yes",$R$3="No Effect",$U$3="Full Effect"),$BC196,IF(AND($P$3="Yes",$R$3="Medium Effect",$U$3="No Effect"),$AZ196,IF(AND($P$3="Yes",$R$3="Full Effect",$U$3="No Effect"),$BA196,IF(AND($P$3="No",$R$3="Full Effect",$U$3="Full Effect"),$AX196,IF(AND($P$3="No",$R$3="Medium Effect",$U$3="Full Effect"),$AV196,IF(AND($P$3="No",$R$3="Full Effect",$U$3="Medium Effect"),$AW196,IF(AND($P$3="No",$R$3="Medium Effect",$U$3="Medium Effect"),$AU196,IF(AND($P$3="No",$R$3="No Effect",$U$3="Medium Effect"),$AS196,IF(AND($P$3="No",$R$3="No Effect",$U$3="Full Effect"),$AT196,IF(AND($P$3="No",$R$3="Medium Effect",$U$3="No Effect"),$AQ196,IF(AND($P$3="No",$R$3="Full Effect",$U$3="No Effect"),$AR196,IF(AND($P191="Yes",$R$3="No Effect",$U$3="No Effect"),$AY196,"Use FPTS per GP"))))))))))))))))) -> 0.45535714 | AL196: =IFERROR(VLOOKUP(C196,CALC!$K$2:$M$8,2,FALSE),1) -> 1 | AM196: =IFERROR(VLOOKUP(C196,CALC!$K$2:$M$8,3,FALSE),1) -> 1 | AN196: =VLOOKUP(B196,CALC!$E$2:$H$33,3,FALSE) -> 1 | AO196: =VLOOKUP(B196,CALC!$E$2:$H$33,4,FALSE) -> 1 | AQ196: =$AA196*AM196 -> 5.3699762 | AR196: =$AA196*AL196 -> 5.3699762 | AS196: =$AA196*AO196 -> 5.3699762 | AT196: =$AA196*AN196 -> 5.3699762 | AU196: =$AA196*AM196*AO196 -> 5.3699762 | AV196: =$AA196*AM196*AN196 -> 5.3699762 | AW196: =$AA196*AL196*AO196 -> 5.3699762 | AX196: =$AA196*AL196*AN196 -> 5.3699762 | AY196: =IF($C196="D",$AA196-$AE$3,$AA196-$AD$3) -> 0.45535714 | AZ196: =$AY196*AM196 -> 0.45535714 | BA196: =$AY196*AL196 -> 0.45535714 | BB196: =$AY196*AO196 -> 0.45535714 | BC196: =$AY196*AN196 -> 0.45535714 | BD196: =$AY196*AM196*AO196 -> 0.45535714 | BE196: =$AY196*AM196*AN196 -> 0.45535714 | BF196: =$AY196*AL196*AO196 -> 0.45535714 | BG196: =$AY196*AL196*AN196 -> 0.45535714
A197: Jason Zucker | B197: BUF | C197: =VLOOKUP(A197,CALC!$A$2:$C$494,3,FALSE) -> LW | D197: 1 | E197: 84 | F197: 24.2 | G197: 28.1 | H197: 52.3 | I197: 18.3 | J197: 159 | K197: 77.2 | L197: 25.7 | M197: 28.6 | N197: 0.152 | O197: 15 | P197: =IF(F$4="Yes",F197*F$5,0) -> 121 | Q197: =IF(G$4="Yes",G197*G$5,0) -> 105.375 | R197: =IF(H$4="Yes",H197*H$5,0) -> 52.3 | S197: =IF(I$4="Yes",I197*I$5,0) -> 9.15 | T197: =IF(J$4="Yes",J197*J$5,0) -> 79.5 | U197: =IF(K$4="Yes",K197*K$5,0) -> 23.16 | V197: =IF(L$4="Yes",L197*L$5,0) -> 15.42 | W197: =IF(M$4="Yes",M197*M$5,0) -> 28.6 | ... Y197: =IF(O$4="Yes",O197*O$5,0) -> 0 | Z197: =SUM(P197:Y197) -> 434.657 | AA197: =Z197/E197 -> 5.1744881 | AB197: =IF(AND($P$3="Yes",$R$3="Full Effect",$U$3="Full Effect"),$BG197,IF(AND($P$3="Yes",$R$3="Medium Effect",$U$3="Full Effect"),$BE197,IF(AND($P$3="Yes",$R$3="Full Effect",$U$3="Medium Effect"),$BF197,IF(AND($P$3="Yes",$R$3="Medium Effect",$U$3="Medium Effect"),$BD197,IF(AND($P$3="Yes",$R$3="No Effect",$U$3="Medium Effect"),$BB197,IF(AND($P$3="Yes",$R$3="No Effect",$U$3="Full Effect"),$BC197,IF(AND($P$3="Yes",$R$3="Medium Effect",$U$3="No Effect"),$AZ197,IF(AND($P$3="Yes",$R$3="Full Effect",$U$3="No Effect"),$BA197,IF(AND($P$3="No",$R$3="Full Effect",$U$3="Full Effect"),$AX197,IF(AND($P$3="No",$R$3="Medium Effect",$U$3="Full Effect"),$AV197,IF(AND($P$3="No",$R$3="Full Effect",$U$3="Medium Effect"),$AW197,IF(AND($P$3="No",$R$3="Medium Effect",$U$3="Medium Effect"),$AU197,IF(AND($P$3="No",$R$3="No Effect",$U$3="Medium Effect"),$AS197,IF(AND($P$3="No",$R$3="No Effect",$U$3="Full Effect"),$AT197,IF(AND($P$3="No",$R$3="Medium Effect",$U$3="No Effect"),$AQ197,IF(AND($P$3="No",$R$3="Full Effect",$U$3="No Effect"),$AR197,IF(AND($P192="Yes",$R$3="No Effect",$U$3="No Effect"),$AY197,"Use FPTS per GP"))))))))))))))))) -> -0.58459305 | AL197: =IFERROR(VLOOKUP(C197,CALC!$K$2:$M$8,2,FALSE),1) -> 1.06 | AM197: =IFERROR(VLOOKUP(C197,CALC!$K$2:$M$8,3,FALSE),1) -> 1.03 | AN197: =VLOOKUP(B197,CALC!$E$2:$H$33,3,FALSE) -> 0.95 | AO197: =VLOOKUP(B197,CALC!$E$2:$H$33,4,FALSE) -> 0.975 | AQ197: =$AA197*AM197 -> 5.3297227 | AR197: =$AA197*AL197 -> 5.4849574 | AS197: =$AA197*AO197 -> 5.0451259 | AT197: =$AA197*AN197 -> 4.9157637 | AU197: =$AA197*AM197*AO197 -> 5.1964797 | AV197: =$AA197*AM197*AN197 -> 5.0632366 | AW197: =$AA197*AL197*AO197 -> 5.3478334 | AX197: =$AA197*AL197*AN197 -> 5.2107095 | AY197: =IF($C197="D",$AA197-$AE$3,$AA197-$AD$3) -> -0.58211905 | AZ197: =$AY197*AM197 -> -0.59958262 | BA197: =$AY197*AL197 -> -0.61704619 | BB197: =$AY197*AO197 -> -0.56756607 | BC197: =$AY197*AN197 -> -0.5530131 | BD197: =$AY197*AM197*AO197 -> -0.58459305 | BE197: =$AY197*AM197*AN197 -> -0.56960349 | BF197: =$AY197*AL197*AO197 -> -0.60162004 | BG197: =$AY197*AL197*AN197 -> -0.58619388
A198: Mats Zuccarello | B198: LAK | C198: =VLOOKUP(A198,CALC!$A$2:$C$494,3,FALSE) -> RW | D198: 2 | E198: 84 | F198: 17.8 | G198: 40 | H198: 57.8 | I198: 15 | J198: 153.3 | K198: 28.4 | L198: 35.5 | M198: 25.1 | N198: 0.116 | O198: 17 | P198: =IF(F$4="Yes",F198*F$5,0) -> 89 | Q198: =IF(G$4="Yes",G198*G$5,0) -> 150 | R198: =IF(H$4="Yes",H198*H$5,0) -> 57.8 | S198: =IF(I$4="Yes",I198*I$5,0) -> 7.5 | T198: =IF(J$4="Yes",J198*J$5,0) -> 76.65 | U198: =IF(K$4="Yes",K198*K$5,0) -> 8.52 | V198: =IF(L$4="Yes",L198*L$5,0) -> 21.3 | W198: =IF(M$4="Yes",M198*M$5,0) -> 25.1 | ... Y198: =IF(O$4="Yes",O198*O$5,0) -> 0 | Z198: =SUM(P198:Y198) -> 435.986 | AA198: =Z198/E198 -> 5.1903095 | AB198: =IF(AND($P$3="Yes",$R$3="Full Effect",$U$3="Full Effect"),$BG198,IF(AND($P$3="Yes",$R$3="Medium Effect",$U$3="Full Effect"),$BE198,IF(AND($P$3="Yes",$R$3="Full Effect",$U$3="Medium Effect"),$BF198,IF(AND($P$3="Yes",$R$3="Medium Effect",$U$3="Medium Effect"),$BD198,IF(AND($P$3="Yes",$R$3="No Effect",$U$3="Medium Effect"),$BB198,IF(AND($P$3="Yes",$R$3="No Effect",$U$3="Full Effect"),$BC198,IF(AND($P$3="Yes",$R$3="Medium Effect",$U$3="No Effect"),$AZ198,IF(AND($P$3="Yes",$R$3="Full Effect",$U$3="No Effect"),$BA198,IF(AND($P$3="No",$R$3="Full Effect",$U$3="Full Effect"),$AX198,IF(AND($P$3="No",$R$3="Medium Effect",$U$3="Full Effect"),$AV198,IF(AND($P$3="No",$R$3="Full Effect",$U$3="Medium Effect"),$AW198,IF(AND($P$3="No",$R$3="Medium Effect",$U$3="Medium Effect"),$AU198,IF(AND($P$3="No",$R$3="No Effect",$U$3="Medium Effect"),$AS198,IF(AND($P$3="No",$R$3="No Effect",$U$3="Full Effect"),$AT198,IF(AND($P$3="No",$R$3="Medium Effect",$U$3="No Effect"),$AQ198,IF(AND($P$3="No",$R$3="Full Effect",$U$3="No Effect"),$AR198,IF(AND($P193="Yes",$R$3="No Effect",$U$3="No Effect"),$AY198,"Use FPTS per GP"))))))))))))))))) -> -0.54385808 | AL198: =IFERROR(VLOOKUP(C198,CALC!$K$2:$M$8,2,FALSE),1) -> 0.95 | AM198: =IFERROR(VLOOKUP(C198,CALC!$K$2:$M$8,3,FALSE),1) -> 0.975 | AN198: =VLOOKUP(B198,CALC!$E$2:$H$33,3,FALSE) -> 0.97 | AO198: =VLOOKUP(B198,CALC!$E$2:$H$33,4,FALSE) -> 0.985 | AQ198: =$AA198*AM198 -> 5.0605518 | AR198: =$AA198*AL198 -> 4.930794 | AS198: =$AA198*AO198 -> 5.1124549 | AT198: =$AA198*AN198 -> 5.0346002 | AU198: =$AA198*AM198*AO198 -> 4.9846435 | AV198: =$AA198*AM198*AN198 -> 4.9087352 | AW198: =$AA198*AL198*AO198 -> 4.8568321 | AX198: =$AA198*AL198*AN198 -> 4.7828702 | AY198: =IF($C198="D",$AA198-$AE$3,$AA198-$AD$3) -> -0.56629762 | AZ198: =$AY198*AM198 -> -0.55214018 | BA198: =$AY198*AL198 -> -0.53798274 | BB198: =$AY198*AO198 -> -0.55780315 | BC198: =$AY198*AN198 -> -0.54930869 | BD198: =$AY198*AM198*AO198 -> -0.54385808 | BE198: =$AY198*AM198*AN198 -> -0.53557597 | BF198: =$AY198*AL198*AO198 -> -0.529913 | BG198: =$AY198*AL198*AN198 -> -0.52184326
A199: Artturi Lehkonen | B199: COL | C199: =VLOOKUP(A199,CALC!$A$2:$C$494,3,FALSE) -> LW/RW | D199: 2 | E199: 84 | F199: 25.7 | G199: 25.3 | H199: 51.1 | I199: 7.5 | J199: 175.9 | K199: 45.8 | L199: 40 | M199: 25.8 | N199: 0.146 | O199: 18 | P199: =IF(F$4="Yes",F199*F$5,0) -> 128.5 | Q199: =IF(G$4="Yes",G199*G$5,0) -> 94.875 | R199: =IF(H$4="Yes",H199*H$5,0) -> 51.1 | S199: =IF(I$4="Yes",I199*I$5,0) -> 3.75 | T199: =IF(J$4="Yes",J199*J$5,0) -> 87.95 | U199: =IF(K$4="Yes",K199*K$5,0) -> 13.74 | V199: =IF(L$4="Yes",L199*L$5,0) -> 24 | W199: =IF(M$4="Yes",M199*M$5,0) -> 25.8 | ... Y199: =IF(O$4="Yes",O199*O$5,0) -> 0 | Z199: =SUM(P199:Y199) -> 429.861 | AA199: =Z199/E199 -> 5.1173929 | AB199: =IF(AND($P$3="Yes",$R$3="Full Effect",$U$3="Full Effect"),$BG199,IF(AND($P$3="Yes",$R$3="Medium Effect",$U$3="Full Effect"),$BE199,IF(AND($P$3="Yes",$R$3="Full Effect",$U$3="Medium Effect"),$BF199,IF(AND($P$3="Yes",$R$3="Medium Effect",$U$3="Medium Effect"),$BD199,IF(AND($P$3="Yes",$R$3="No Effect",$U$3="Medium Effect"),$BB199,IF(AND($P$3="Yes",$R$3="No Effect",$U$3="Full Effect"),$BC199,IF(AND($P$3="Yes",$R$3="Medium Effect",$U$3="No Effect"),$AZ199,IF(AND($P$3="Yes",$R$3="Full Effect",$U$3="No Effect"),$BA199,IF(AND($P$3="No",$R$3="Full Effect",$U$3="Full Effect"),$AX199,IF(AND($P$3="No",$R$3="Medium Effect",$U$3="Full Effect"),$AV199,IF(AND($P$3="No",$R$3="Full Effect",$U$3="Medium Effect"),$AW199,IF(AND($P$3="No",$R$3="Medium Effect",$U$3="Medium Effect"),$AU199,IF(AND($P$3="No",$R$3="No Effect",$U$3="Medium Effect"),$AS199,IF(AND($P$3="No",$R$3="No Effect",$U$3="Full Effect"),$AT199,IF(AND($P$3="No",$R$3="Medium Effect",$U$3="No Effect"),$AQ199,IF(AND($P$3="No",$R$3="Full Effect",$U$3="No Effect"),$AR199,IF(AND($P194="Yes",$R$3="No Effect",$U$3="No Effect"),$AY199,"Use FPTS per GP"))))))))))))))))) -> -0.71131766 | AL199: =IFERROR(VLOOKUP(C199,CALC!$K$2:$M$8,2,FALSE),1) -> 1.08 | AM199: =IFERROR(VLOOKUP(C199,CALC!$K$2:$M$8,3,FALSE),1) -> 1.04 | AN199: =VLOOKUP(B199,CALC!$E$2:$H$33,3,FALSE) -> 1.14 | AO199: =VLOOKUP(B199,CALC!$E$2:$H$33,4,FALSE) -> 1.07 | AQ199: =$AA199*AM199 -> 5.3220886 | AR199: =$AA199*AL199 -> 5.5267843 | AS199: =$AA199*AO199 -> 5.4756104 | AT199: =$AA199*AN199 -> 5.8338279 | AU199: =$AA199*AM199*AO199 -> 5.6946348 | AV199: =$AA199*AM199*AN199 -> 6.067181 | AW199: =$AA199*AL199*AO199 -> 5.9136592 | AX199: =$AA199*AL199*AN199 -> 6.3005341 | AY199: =IF($C199="D",$AA199-$AE$3,$AA199-$AD$3) -> -0.63921429 | AZ199: =$AY199*AM199 -> -0.66478286 | BA199: =$AY199*AL199 -> -0.69035143 | BB199: =$AY199*AO199 -> -0.68395929 | BC199: =$AY199*AN199 -> -0.72870429 | BD199: =$AY199*AM199*AO199 -> -0.71131766 | BE199: =$AY199*AM199*AN199 -> -0.75785246 | BF199: =$AY199*AL199*AO199 -> -0.73867603 | BG199: =$AY199*AL199*AN199 -> -0.78700063
A200: Morgan Frost | B200: CGY | C200: =VLOOKUP(A200,CALC!$A$2:$C$494,3,FALSE) -> C | D200: 1 | E200: 84 | F200: 22 | G200: 27.6 | H200: 49.6 | I200: 18.4 | J200: 160.2 | K200: 70.5 | L200: 48.1 | M200: 23.5 | N200: 0.137 | O200: 16.75 | P200: =IF(F$4="Yes",F200*F$5,0) -> 110 | Q200: =IF(G$4="Yes",G200*G$5,0) -> 103.5 | R200: =IF(H$4="Yes",H200*H$5,0) -> 49.6 | S200: =IF(I$4="Yes",I200*I$5,0) -> 9.2 | T200: =IF(J$4="Yes",J200*J$5,0) -> 80.1 | U200: =IF(K$4="Yes",K200*K$5,0) -> 21.15 | V200: =IF(L$4="Yes",L200*L$5,0) -> 28.86 | W200: =IF(M$4="Yes",M200*M$5,0) -> 23.5 | ... Y200: =IF(O$4="Yes",O200*O$5,0) -> 0 | Z200: =SUM(P200:Y200) -> 426.047 | AA200: =Z200/E200 -> 5.0719881 | AB200: =IF(AND($P$3="Yes",$R$3="Full Effect",$U$3="Full Effect"),$BG200,IF(AND($P$3="Yes",$R$3="Medium Effect",$U$3="Full Effect"),$BE200,IF(AND($P$3="Yes",$R$3="Full Effect",$U$3="Medium Effect"),$BF200,IF(AND($P$3="Yes",$R$3="Medium Effect",$U$3="Medium Effect"),$BD200,IF(AND($P$3="Yes",$R$3="No Effect",$U$3="Medium Effect"),$BB200,IF(AND($P$3="Yes",$R$3="No Effect",$U$3="Full Effect"),$BC200,IF(AND($P$3="Yes",$R$3="Medium Effect",$U$3="No Effect"),$AZ200,IF(AND($P$3="Yes",$R$3="Full Effect",$U$3="No Effect"),$BA200,IF(AND($P$3="No",$R$3="Full Effect",$U$3="Full Effect"),$AX200,IF(AND($P$3="No",$R$3="Medium Effect",$U$3="Full Effect"),$AV200,IF(AND($P$3="No",$R$3="Full Effect",$U$3="Medium Effect"),$AW200,IF(AND($P$3="No",$R$3="Medium Effect",$U$3="Medium Effect"),$AU200,IF(AND($P$3="No",$R$3="No Effect",$U$3="Medium Effect"),$AS200,IF(AND($P$3="No",$R$3="No Effect",$U$3="Full Effect"),$AT200,IF(AND($P$3="No",$R$3="Medium Effect",$U$3="No Effect"),$AQ200,IF(AND($P$3="No",$R$3="Full Effect",$U$3="No Effect"),$AR200,IF(AND($P195="Yes",$R$3="No Effect",$U$3="No Effect"),$AY200,"Use FPTS per GP"))))))))))))))))) -> -0.6541535 | AL200: =IFERROR(VLOOKUP(C200,CALC!$K$2:$M$8,2,FALSE),1) -> 0.96 | AM200: =IFERROR(VLOOKUP(C200,CALC!$K$2:$M$8,3,FALSE),1) -> 0.98 | AN200: =VLOOKUP(B200,CALC!$E$2:$H$33,3,FALSE) -> 0.95 | AO200: =VLOOKUP(B200,CALC!$E$2:$H$33,4,FALSE) -> 0.975 | AQ200: =$AA200*AM200 -> 4.9705483 | AR200: =$AA200*AL200 -> 4.8691086 | AS200: =$AA200*AO200 -> 4.9451884 | AT200: =$AA200*AN200 -> 4.8183887 | AU200: =$AA200*AM200*AO200 -> 4.8462846 | AV200: =$AA200*AM200*AN200 -> 4.7220209 | AW200: =$AA200*AL200*AO200 -> 4.7473809 | AX200: =$AA200*AL200*AN200 -> 4.6256531 | AY200: =IF($C200="D",$AA200-$AE$3,$AA200-$AD$3) -> -0.68461905 | AZ200: =$AY200*AM200 -> -0.67092667 | BA200: =$AY200*AL200 -> -0.65723429 | BB200: =$AY200*AO200 -> -0.66750357 | BC200: =$AY200*AN200 -> -0.6503881 | BD200: =$AY200*AM200*AO200 -> -0.6541535 | BE200: =$AY200*AM200*AN200 -> -0.63738033 | BF200: =$AY200*AL200*AO200 -> -0.64080343 | BG200: =$AY200*AL200*AN200 -> -0.62437257
A201: Taylor Hall | B201: CAR | C201: =VLOOKUP(A201,CALC!$A$2:$C$494,3,FALSE) -> LW | D201: 2 | E201: 84 | F201: 18.2 | G201: 37.9 | H201: 56.2 | I201: 10 | J201: 152.1 | K201: 57.3 | L201: 34.5 | M201: 45 | N201: 0.12 | O201: 15.25 | P201: =IF(F$4="Yes",F201*F$5,0) -> 91 | Q201: =IF(G$4="Yes",G201*G$5,0) -> 142.125 | R201: =IF(H$4="Yes",H201*H$5,0) -> 56.2 | S201: =IF(I$4="Yes",I201*I$5,0) -> 5 | T201: =IF(J$4="Yes",J201*J$5,0) -> 76.05 | U201: =IF(K$4="Yes",K201*K$5,0) -> 17.19 | V201: =IF(L$4="Yes",L201*L$5,0) -> 20.7 | W201: =IF(M$4="Yes",M201*M$5,0) -> 45 | ... Y201: =IF(O$4="Yes",O201*O$5,0) -> 0 | Z201: =SUM(P201:Y201) -> 453.385 | AA201: =Z201/E201 -> 5.3974405 | AB201: =IF(AND($P$3="Yes",$R$3="Full Effect",$U$3="Full Effect"),$BG201,IF(AND($P$3="Yes",$R$3="Medium Effect",$U$3="Full Effect"),$BE201,IF(AND($P$3="Yes",$R$3="Full Effect",$U$3="Medium Effect"),$BF201,IF(AND($P$3="Yes",$R$3="Medium Effect",$U$3="Medium Effect"),$BD201,IF(AND($P$3="Yes",$R$3="No Effect",$U$3="Medium Effect"),$BB201,IF(AND($P$3="Yes",$R$3="No Effect",$U$3="Full Effect"),$BC201,IF(AND($P$3="Yes",$R$3="Medium Effect",$U$3="No Effect"),$AZ201,IF(AND($P$3="Yes",$R$3="Full Effect",$U$3="No Effect"),$BA201,IF(AND($P$3="No",$R$3="Full Effect",$U$3="Full Effect"),$AX201,IF(AND($P$3="No",$R$3="Medium Effect",$U$3="Full Effect"),$AV201,IF(AND($P$3="No",$R$3="Full Effect",$U$3="Medium Effect"),$AW201,IF(AND($P$3="No",$R$3="Medium Effect",$U$3="Medium Effect"),$AU201,IF(AND($P$3="No",$R$3="No Effect",$U$3="Medium Effect"),$AS201,IF(AND($P$3="No",$R$3="No Effect",$U$3="Full Effect"),$AT201,IF(AND($P$3="No",$R$3="Medium Effect",$U$3="No Effect"),$AQ201,IF(AND($P$3="No",$R$3="Full Effect",$U$3="No Effect"),$AR201,IF(AND($P196="Yes",$R$3="No Effect",$U$3="No Effect"),$AY201,"Use FPTS per GP"))))))))))))))))) -> -0.36994167 | AL201: =IFERROR(VLOOKUP(C201,CALC!$K$2:$M$8,2,FALSE),1) -> 1.06 | AM201: =IFERROR(VLOOKUP(C201,CALC!$K$2:$M$8,3,FALSE),1) -> 1.03 | AN201: =VLOOKUP(B201,CALC!$E$2:$H$33,3,FALSE) -> 1 | AO201: =VLOOKUP(B201,CALC!$E$2:$H$33,4,FALSE) -> 1 | AQ201: =$AA201*AM201 -> 5.5593637 | AR201: =$AA201*AL201 -> 5.7212869 | AS201: =$AA201*AO201 -> 5.3974405 | AT201: =$AA201*AN201 -> 5.3974405 | AU201: =$AA201*AM201*AO201 -> 5.5593637 | AV201: =$AA201*AM201*AN201 -> 5.5593637 | AW201: =$AA201*AL201*AO201 -> 5.7212869 | AX201: =$AA201*AL201*AN201 -> 5.7212869 | AY201: =IF($C201="D",$AA201-$AE$3,$AA201-$AD$3) -> -0.35916667 | AZ201: =$AY201*AM201 -> -0.36994167 | BA201: =$AY201*AL201 -> -0.38071667 | BB201: =$AY201*AO201 -> -0.35916667 | BC201: =$AY201*AN201 -> -0.35916667 | BD201: =$AY201*AM201*AO201 -> -0.36994167 | BE201: =$AY201*AM201*AN201 -> -0.36994167 | BF201: =$AY201*AL201*AO201 -> -0.38071667 | BG201: =$AY201*AL201*AN201 -> -0.38071667
A202: Darnell Nurse | B202: SJS | C202: =VLOOKUP(A202,CALC!$A$2:$C$494,3,FALSE) -> D | E202: 84 | F202: 8.2 | G202: 21.5 | H202: 29.7 | I202: 2.3 | J202: 179.4 | K202: 154.4 | L202: 155.1 | M202: 81.4 | N202: 0.046 | O202: 22 | P202: =IF(F$4="Yes",F202*F$5,0) -> 41 | Q202: =IF(G$4="Yes",G202*G$5,0) -> 80.625 | R202: =IF(H$4="Yes",H202*H$5,0) -> 29.7 | S202: =IF(I$4="Yes",I202*I$5,0) -> 1.15 | T202: =IF(J$4="Yes",J202*J$5,0) -> 89.7 | U202: =IF(K$4="Yes",K202*K$5,0) -> 46.32 | V202: =IF(L$4="Yes",L202*L$5,0) -> 93.06 | W202: =IF(M$4="Yes",M202*M$5,0) -> 81.4 | ... Y202: =IF(O$4="Yes",O202*O$5,0) -> 0 | Z202: =SUM(P202:Y202) -> 463.001 | AA202: =Z202/E202 -> 5.5119167 | AB202: =IF(AND($P$3="Yes",$R$3="Full Effect",$U$3="Full Effect"),$BG202,IF(AND($P$3="Yes",$R$3="Medium Effect",$U$3="Full Effect"),$BE202,IF(AND($P$3="Yes",$R$3="Full Effect",$U$3="Medium Effect"),$BF202,IF(AND($P$3="Yes",$R$3="Medium Effect",$U$3="Medium Effect"),$BD202,IF(AND($P$3="Yes",$R$3="No Effect",$U$3="Medium Effect"),$BB202,IF(AND($P$3="Yes",$R$3="No Effect",$U$3="Full Effect"),$BC202,IF(AND($P$3="Yes",$R$3="Medium Effect",$U$3="No Effect"),$AZ202,IF(AND($P$3="Yes",$R$3="Full Effect",$U$3="No Effect"),$BA202,IF(AND($P$3="No",$R$3="Full Effect",$U$3="Full Effect"),$AX202,IF(AND($P$3="No",$R$3="Medium Effect",$U$3="Full Effect"),$AV202,IF(AND($P$3="No",$R$3="Full Effect",$U$3="Medium Effect"),$AW202,IF(AND($P$3="No",$R$3="Medium Effect",$U$3="Medium Effect"),$AU202,IF(AND($P$3="No",$R$3="No Effect",$U$3="Medium Effect"),$AS202,IF(AND($P$3="No",$R$3="No Effect",$U$3="Full Effect"),$AT202,IF(AND($P$3="No",$R$3="Medium Effect",$U$3="No Effect"),$AQ202,IF(AND($P$3="No",$R$3="Full Effect",$U$3="No Effect"),$AR202,IF(AND($P197="Yes",$R$3="No Effect",$U$3="No Effect"),$AY202,"Use FPTS per GP"))))))))))))))))) -> 0.62417601 | AL202: =IFERROR(VLOOKUP(C202,CALC!$K$2:$M$8,2,FALSE),1) -> 1 | AM202: =IFERROR(VLOOKUP(C202,CALC!$K$2:$M$8,3,FALSE),1) -> 1 | AN202: =VLOOKUP(B202,CALC!$E$2:$H$33,3,FALSE) -> 1.09 | AO202: =VLOOKUP(B202,CALC!$E$2:$H$33,4,FALSE) -> 1.045 | AQ202: =$AA202*AM202 -> 5.5119167 | AR202: =$AA202*AL202 -> 5.5119167 | AS202: =$AA202*AO202 -> 5.7599529 | AT202: =$AA202*AN202 -> 6.0079892 | AU202: =$AA202*AM202*AO202 -> 5.7599529 | AV202: =$AA202*AM202*AN202 -> 6.0079892 | AW202: =$AA202*AL202*AO202 -> 5.7599529 | AX202: =$AA202*AL202*AN202 -> 6.0079892 | AY202: =IF($C202="D",$AA202-$AE$3,$AA202-$AD$3) -> 0.59729762 | AZ202: =$AY202*AM202 -> 0.59729762 | BA202: =$AY202*AL202 -> 0.59729762 | BB202: =$AY202*AO202 -> 0.62417601 | BC202: =$AY202*AN202 -> 0.6510544 | BD202: =$AY202*AM202*AO202 -> 0.62417601 | BE202: =$AY202*AM202*AN202 -> 0.6510544 | BF202: =$AY202*AL202*AO202 -> 0.62417601 | BG202: =$AY202*AL202*AN202 -> 0.6510544
A203: Trevor Moore | B203: LAK | C203: =VLOOKUP(A203,CALC!$A$2:$C$494,3,FALSE) -> LW/RW | D203: 2 | E203: 84 | F203: 22.1 | G203: 22.1 | H203: 44.2 | I203: 3.5 | J203: 202.6 | K203: 88.6 | L203: 45.1 | M203: 16.8 | N203: 0.109 | O203: 17.25 | P203: =IF(F$4="Yes",F203*F$5,0) -> 110.5 | Q203: =IF(G$4="Yes",G203*G$5,0) -> 82.875 | R203: =IF(H$4="Yes",H203*H$5,0) -> 44.2 | S203: =IF(I$4="Yes",I203*I$5,0) -> 1.75 | T203: =IF(J$4="Yes",J203*J$5,0) -> 101.3 | U203: =IF(K$4="Yes",K203*K$5,0) -> 26.58 | V203: =IF(L$4="Yes",L203*L$5,0) -> 27.06 | W203: =IF(M$4="Yes",M203*M$5,0) -> 16.8 | ... Y203: =IF(O$4="Yes",O203*O$5,0) -> 0 | Z203: =SUM(P203:Y203) -> 411.174 | AA203: =Z203/E203 -> 4.8949286 | AB203: =IF(AND($P$3="Yes",$R$3="Full Effect",$U$3="Full Effect"),$BG203,IF(AND($P$3="Yes",$R$3="Medium Effect",$U$3="Full Effect"),$BE203,IF(AND($P$3="Yes",$R$3="Full Effect",$U$3="Medium Effect"),$BF203,IF(AND($P$3="Yes",$R$3="Medium Effect",$U$3="Medium Effect"),$BD203,IF(AND($P$3="Yes",$R$3="No Effect",$U$3="Medium Effect"),$BB203,IF(AND($P$3="Yes",$R$3="No Effect",$U$3="Full Effect"),$BC203,IF(AND($P$3="Yes",$R$3="Medium Effect",$U$3="No Effect"),$AZ203,IF(AND($P$3="Yes",$R$3="Full Effect",$U$3="No Effect"),$BA203,IF(AND($P$3="No",$R$3="Full Effect",$U$3="Full Effect"),$AX203,IF(AND($P$3="No",$R$3="Medium Effect",$U$3="Full Effect"),$AV203,IF(AND($P$3="No",$R$3="Full Effect",$U$3="Medium Effect"),$AW203,IF(AND($P$3="No",$R$3="Medium Effect",$U$3="Medium Effect"),$AU203,IF(AND($P$3="No",$R$3="No Effect",$U$3="Medium Effect"),$AS203,IF(AND($P$3="No",$R$3="No Effect",$U$3="Full Effect"),$AT203,IF(AND($P$3="No",$R$3="Medium Effect",$U$3="No Effect"),$AQ203,IF(AND($P$3="No",$R$3="Full Effect",$U$3="No Effect"),$AR203,IF(AND($P198="Yes",$R$3="No Effect",$U$3="No Effect"),$AY203,"Use FPTS per GP"))))))))))))))))) -> -0.88270353 | AL203: =IFERROR(VLOOKUP(C203,CALC!$K$2:$M$8,2,FALSE),1) -> 1.08 | AM203: =IFERROR(VLOOKUP(C203,CALC!$K$2:$M$8,3,FALSE),1) -> 1.04 | AN203: =VLOOKUP(B203,CALC!$E$2:$H$33,3,FALSE) -> 0.97 | AO203: =VLOOKUP(B203,CALC!$E$2:$H$33,4,FALSE) -> 0.985 | AQ203: =$AA203*AM203 -> 5.0907257 | AR203: =$AA203*AL203 -> 5.2865229 | AS203: =$AA203*AO203 -> 4.8215046 | AT203: =$AA203*AN203 -> 4.7480807 | AU203: =$AA203*AM203*AO203 -> 5.0143648 | AV203: =$AA203*AM203*AN203 -> 4.9380039 | AW203: =$AA203*AL203*AO203 -> 5.207225 | AX203: =$AA203*AL203*AN203 -> 5.1279272 | AY203: =IF($C203="D",$AA203-$AE$3,$AA203-$AD$3) -> -0.86167857 | AZ203: =$AY203*AM203 -> -0.89614571 | BA203: =$AY203*AL203 -> -0.93061286 | BB203: =$AY203*AO203 -> -0.84875339 | BC203: =$AY203*AN203 -> -0.83582821 | BD203: =$AY203*AM203*AO203 -> -0.88270353 | BE203: =$AY203*AM203*AN203 -> -0.86926134 | BF203: =$AY203*AL203*AO203 -> -0.91665366 | BG203: =$AY203*AL203*AN203 -> -0.90269447
A204: Mason McTavish | B204: STL | C204: =VLOOKUP(A204,CALC!$A$2:$C$494,3,FALSE) -> C | D204: 1 | E204: 84 | F204: 21.1 | G204: 29.3 | H204: 50.4 | I204: 11.9 | J204: 158.1 | K204: 89.8 | L204: 35.6 | M204: 41.7 | N204: 0.134 | O204: 16 | P204: =IF(F$4="Yes",F204*F$5,0) -> 105.5 | Q204: =IF(G$4="Yes",G204*G$5,0) -> 109.875 | R204: =IF(H$4="Yes",H204*H$5,0) -> 50.4 | S204: =IF(I$4="Yes",I204*I$5,0) -> 5.95 | T204: =IF(J$4="Yes",J204*J$5,0) -> 79.05 | U204: =IF(K$4="Yes",K204*K$5,0) -> 26.94 | V204: =IF(L$4="Yes",L204*L$5,0) -> 21.36 | W204: =IF(M$4="Yes",M204*M$5,0) -> 41.7 | ... Y204: =IF(O$4="Yes",O204*O$5,0) -> 0 | Z204: =SUM(P204:Y204) -> 440.909 | AA204: =Z204/E204 -> 5.2489167 | AB204: =IF(AND($P$3="Yes",$R$3="Full Effect",$U$3="Full Effect"),$BG204,IF(AND($P$3="Yes",$R$3="Medium Effect",$U$3="Full Effect"),$BE204,IF(AND($P$3="Yes",$R$3="Full Effect",$U$3="Medium Effect"),$BF204,IF(AND($P$3="Yes",$R$3="Medium Effect",$U$3="Medium Effect"),$BD204,IF(AND($P$3="Yes",$R$3="No Effect",$U$3="Medium Effect"),$BB204,IF(AND($P$3="Yes",$R$3="No Effect",$U$3="Full Effect"),$BC204,IF(AND($P$3="Yes",$R$3="Medium Effect",$U$3="No Effect"),$AZ204,IF(AND($P$3="Yes",$R$3="Full Effect",$U$3="No Effect"),$BA204,IF(AND($P$3="No",$R$3="Full Effect",$U$3="Full Effect"),$AX204,IF(AND($P$3="No",$R$3="Medium Effect",$U$3="Full Effect"),$AV204,IF(AND($P$3="No",$R$3="Full Effect",$U$3="Medium Effect"),$AW204,IF(AND($P$3="No",$R$3="Medium Effect",$U$3="Medium Effect"),$AU204,IF(AND($P$3="No",$R$3="No Effect",$U$3="Medium Effect"),$AS204,IF(AND($P$3="No",$R$3="No Effect",$U$3="Full Effect"),$AT204,IF(AND($P$3="No",$R$3="Medium Effect",$U$3="No Effect"),$AQ204,IF(AND($P$3="No",$R$3="Full Effect",$U$3="No Effect"),$AR204,IF(AND($P199="Yes",$R$3="No Effect",$U$3="No Effect"),$AY204,"Use FPTS per GP"))))))))))))))))) -> -0.45027068 | AL204: =IFERROR(VLOOKUP(C204,CALC!$K$2:$M$8,2,FALSE),1) -> 0.96 | AM204: =IFERROR(VLOOKUP(C204,CALC!$K$2:$M$8,3,FALSE),1) -> 0.98 | AN204: =VLOOKUP(B204,CALC!$E$2:$H$33,3,FALSE) -> 0.81 | AO204: =VLOOKUP(B204,CALC!$E$2:$H$33,4,FALSE) -> 0.905 | AQ204: =$AA204*AM204 -> 5.1439383 | AR204: =$AA204*AL204 -> 5.03896 | AS204: =$AA204*AO204 -> 4.7502696 | AT204: =$AA204*AN204 -> 4.2516225 | AU204: =$AA204*AM204*AO204 -> 4.6552642 | AV204: =$AA204*AM204*AN204 -> 4.16659 | AW204: =$AA204*AL204*AO204 -> 4.5602588 | AX204: =$AA204*AL204*AN204 -> 4.0815576 | AY204: =IF($C204="D",$AA204-$AE$3,$AA204-$AD$3) -> -0.50769048 | AZ204: =$AY204*AM204 -> -0.49753667 | BA204: =$AY204*AL204 -> -0.48738286 | BB204: =$AY204*AO204 -> -0.45945988 | BC204: =$AY204*AN204 -> -0.41122929 | BD204: =$AY204*AM204*AO204 -> -0.45027068 | BE204: =$AY204*AM204*AN204 -> -0.4030047 | BF204: =$AY204*AL204*AO204 -> -0.44108149 | BG204: =$AY204*AL204*AN204 -> -0.39478011
A205: Jonathan Huberdeau | B205: CGY | C205: =VLOOKUP(A205,CALC!$A$2:$C$494,3,FALSE) -> LW/RW | D205: 1 | E205: 84 | F205: 18.7 | G205: 32.7 | H205: 51.4 | I205: 16.2 | J205: 146.2 | K205: 51.1 | L205: 56.6 | M205: 56.8 | N205: 0.128 | O205: 18.75 | P205: =IF(F$4="Yes",F205*F$5,0) -> 93.5 | Q205: =IF(G$4="Yes",G205*G$5,0) -> 122.625 | R205: =IF(H$4="Yes",H205*H$5,0) -> 51.4 | S205: =IF(I$4="Yes",I205*I$5,0) -> 8.1 | T205: =IF(J$4="Yes",J205*J$5,0) -> 73.1 | U205: =IF(K$4="Yes",K205*K$5,0) -> 15.33 | V205: =IF(L$4="Yes",L205*L$5,0) -> 33.96 | W205: =IF(M$4="Yes",M205*M$5,0) -> 56.8 | ... Y205: =IF(O$4="Yes",O205*O$5,0) -> 0 | Z205: =SUM(P205:Y205) -> 454.943 | AA205: =Z205/E205 -> 5.4159881 | AB205: =IF(AND($P$3="Yes",$R$3="Full Effect",$U$3="Full Effect"),$BG205,IF(AND($P$3="Yes",$R$3="Medium Effect",$U$3="Full Effect"),$BE205,IF(AND($P$3="Yes",$R$3="Full Effect",$U$3="Medium Effect"),$BF205,IF(AND($P$3="Yes",$R$3="Medium Effect",$U$3="Medium Effect"),$BD205,IF(AND($P$3="Yes",$R$3="No Effect",$U$3="Medium Effect"),$BB205,IF(AND($P$3="Yes",$R$3="No Effect",$U$3="Full Effect"),$BC205,IF(AND($P$3="Yes",$R$3="Medium Effect",$U$3="No Effect"),$AZ205,IF(AND($P$3="Yes",$R$3="Full Effect",$U$3="No Effect"),$BA205,IF(AND($P$3="No",$R$3="Full Effect",$U$3="Full Effect"),$AX205,IF(AND($P$3="No",$R$3="Medium Effect",$U$3="Full Effect"),$AV205,IF(AND($P$3="No",$R$3="Full Effect",$U$3="Medium Effect"),$AW205,IF(AND($P$3="No",$R$3="Medium Effect",$U$3="Medium Effect"),$AU205,IF(AND($P$3="No",$R$3="No Effect",$U$3="Medium Effect"),$AS205,IF(AND($P$3="No",$R$3="No Effect",$U$3="Full Effect"),$AT205,IF(AND($P$3="No",$R$3="Medium Effect",$U$3="No Effect"),$AQ205,IF(AND($P$3="No",$R$3="Full Effect",$U$3="No Effect"),$AR205,IF(AND($P200="Yes",$R$3="No Effect",$U$3="No Effect"),$AY205,"Use FPTS per GP"))))))))))))))))) -> -0.34538771 | AL205: =IFERROR(VLOOKUP(C205,CALC!$K$2:$M$8,2,FALSE),1) -> 1.08 | AM205: =IFERROR(VLOOKUP(C205,CALC!$K$2:$M$8,3,FALSE),1) -> 1.04 | AN205: =VLOOKUP(B205,CALC!$E$2:$H$33,3,FALSE) -> 0.95 | AO205: =VLOOKUP(B205,CALC!$E$2:$H$33,4,FALSE) -> 0.975 | AQ205: =$AA205*AM205 -> 5.6326276 | AR205: =$AA205*AL205 -> 5.8492671 | AS205: =$AA205*AO205 -> 5.2805884 | AT205: =$AA205*AN205 -> 5.1451887 | AU205: =$AA205*AM205*AO205 -> 5.4918119 | AV205: =$AA205*AM205*AN205 -> 5.3509962 | AW205: =$AA205*AL205*AO205 -> 5.7030355 | AX205: =$AA205*AL205*AN205 -> 5.5568038 | AY205: =IF($C205="D",$AA205-$AE$3,$AA205-$AD$3) -> -0.34061905 | AZ205: =$AY205*AM205 -> -0.35424381 | BA205: =$AY205*AL205 -> -0.36786857 | BB205: =$AY205*AO205 -> -0.33210357 | BC205: =$AY205*AN205 -> -0.3235881 | BD205: =$AY205*AM205*AO205 -> -0.34538771 | BE205: =$AY205*AM205*AN205 -> -0.33653162 | BF205: =$AY205*AL205*AO205 -> -0.35867186 | BG205: =$AY205*AL205*AN205 -> -0.34947514
A206: Mackie Samoskevich | B206: SEA | C206: =VLOOKUP(A206,CALC!$A$2:$C$494,3,FALSE) -> RW | D206: 2 | E206: 84 | F206: 22.4 | G206: 21.7 | H206: 44.1 | I206: 12 | J206: 167.7 | K206: 133 | L206: 37.1 | M206: 23.2 | N206: 0.134 | O206: 15.5 | P206: =IF(F$4="Yes",F206*F$5,0) -> 112 | Q206: =IF(G$4="Yes",G206*G$5,0) -> 81.375 | R206: =IF(H$4="Yes",H206*H$5,0) -> 44.1 | S206: =IF(I$4="Yes",I206*I$5,0) -> 6 | T206: =IF(J$4="Yes",J206*J$5,0) -> 83.85 | U206: =IF(K$4="Yes",K206*K$5,0) -> 39.9 | V206: =IF(L$4="Yes",L206*L$5,0) -> 22.26 | W206: =IF(M$4="Yes",M206*M$5,0) -> 23.2 | ... Y206: =IF(O$4="Yes",O206*O$5,0) -> 0 | Z206: =SUM(P206:Y206) -> 412.819 | AA206: =Z206/E206 -> 4.9145119 | AB206: =IF(AND($P$3="Yes",$R$3="Full Effect",$U$3="Full Effect"),$BG206,IF(AND($P$3="Yes",$R$3="Medium Effect",$U$3="Full Effect"),$BE206,IF(AND($P$3="Yes",$R$3="Full Effect",$U$3="Medium Effect"),$BF206,IF(AND($P$3="Yes",$R$3="Medium Effect",$U$3="Medium Effect"),$BD206,IF(AND($P$3="Yes",$R$3="No Effect",$U$3="Medium Effect"),$BB206,IF(AND($P$3="Yes",$R$3="No Effect",$U$3="Full Effect"),$BC206,IF(AND($P$3="Yes",$R$3="Medium Effect",$U$3="No Effect"),$AZ206,IF(AND($P$3="Yes",$R$3="Full Effect",$U$3="No Effect"),$BA206,IF(AND($P$3="No",$R$3="Full Effect",$U$3="Full Effect"),$AX206,IF(AND($P$3="No",$R$3="Medium Effect",$U$3="Full Effect"),$AV206,IF(AND($P$3="No",$R$3="Full Effect",$U$3="Medium Effect"),$AW206,IF(AND($P$3="No",$R$3="Medium Effect",$U$3="Medium Effect"),$AU206,IF(AND($P$3="No",$R$3="No Effect",$U$3="Medium Effect"),$AS206,IF(AND($P$3="No",$R$3="No Effect",$U$3="Full Effect"),$AT206,IF(AND($P$3="No",$R$3="Medium Effect",$U$3="No Effect"),$AQ206,IF(AND($P$3="No",$R$3="Full Effect",$U$3="No Effect"),$AR206,IF(AND($P201="Yes",$R$3="No Effect",$U$3="No Effect"),$AY206,"Use FPTS per GP"))))))))))))))))) -> -0.82104286 | AL206: =IFERROR(VLOOKUP(C206,CALC!$K$2:$M$8,2,FALSE),1) -> 0.95 | AM206: =IFERROR(VLOOKUP(C206,CALC!$K$2:$M$8,3,FALSE),1) -> 0.975 | AN206: =VLOOKUP(B206,CALC!$E$2:$H$33,3,FALSE) -> 1 | AO206: =VLOOKUP(B206,CALC!$E$2:$H$33,4,FALSE) -> 1 | AQ206: =$AA206*AM206 -> 4.7916491 | AR206: =$AA206*AL206 -> 4.6687863 | AS206: =$AA206*AO206 -> 4.9145119 | AT206: =$AA206*AN206 -> 4.9145119 | AU206: =$AA206*AM206*AO206 -> 4.7916491 | AV206: =$AA206*AM206*AN206 -> 4.7916491 | AW206: =$AA206*AL206*AO206 -> 4.6687863 | AX206: =$AA206*AL206*AN206 -> 4.6687863 | AY206: =IF($C206="D",$AA206-$AE$3,$AA206-$AD$3) -> -0.84209524 | AZ206: =$AY206*AM206 -> -0.82104286 | BA206: =$AY206*AL206 -> -0.79999048 | BB206: =$AY206*AO206 -> -0.84209524 | BC206: =$AY206*AN206 -> -0.84209524 | BD206: =$AY206*AM206*AO206 -> -0.82104286 | BE206: =$AY206*AM206*AN206 -> -0.82104286 | BF206: =$AY206*AL206*AO206 -> -0.79999048 | BG206: =$AY206*AL206*AN206 -> -0.79999048
A207: Anthony Mantha | B207: NJD | C207: =VLOOKUP(A207,CALC!$A$2:$C$494,3,FALSE) -> LW/RW | D207: 1 | E207: 84 | F207: 23 | G207: 26.3 | H207: 49.4 | I207: 15.7 | J207: 149.1 | K207: 68.3 | L207: 41 | M207: 41.8 | N207: 0.154 | O207: 15.5 | P207: =IF(F$4="Yes",F207*F$5,0) -> 115 | Q207: =IF(G$4="Yes",G207*G$5,0) -> 98.625 | R207: =IF(H$4="Yes",H207*H$5,0) -> 49.4 | S207: =IF(I$4="Yes",I207*I$5,0) -> 7.85 | T207: =IF(J$4="Yes",J207*J$5,0) -> 74.55 | U207: =IF(K$4="Yes",K207*K$5,0) -> 20.49 | V207: =IF(L$4="Yes",L207*L$5,0) -> 24.6 | W207: =IF(M$4="Yes",M207*M$5,0) -> 41.8 | ... Y207: =IF(O$4="Yes",O207*O$5,0) -> 0 | Z207: =SUM(P207:Y207) -> 432.469 | AA207: =Z207/E207 -> 5.1484405 | AB207: =IF(AND($P$3="Yes",$R$3="Full Effect",$U$3="Full Effect"),$BG207,IF(AND($P$3="Yes",$R$3="Medium Effect",$U$3="Full Effect"),$BE207,IF(AND($P$3="Yes",$R$3="Full Effect",$U$3="Medium Effect"),$BF207,IF(AND($P$3="Yes",$R$3="Medium Effect",$U$3="Medium Effect"),$BD207,IF(AND($P$3="Yes",$R$3="No Effect",$U$3="Medium Effect"),$BB207,IF(AND($P$3="Yes",$R$3="No Effect",$U$3="Full Effect"),$BC207,IF(AND($P$3="Yes",$R$3="Medium Effect",$U$3="No Effect"),$AZ207,IF(AND($P$3="Yes",$R$3="Full Effect",$U$3="No Effect"),$BA207,IF(AND($P$3="No",$R$3="Full Effect",$U$3="Full Effect"),$AX207,IF(AND($P$3="No",$R$3="Medium Effect",$U$3="Full Effect"),$AV207,IF(AND($P$3="No",$R$3="Full Effect",$U$3="Medium Effect"),$AW207,IF(AND($P$3="No",$R$3="Medium Effect",$U$3="Medium Effect"),$AU207,IF(AND($P$3="No",$R$3="No Effect",$U$3="Medium Effect"),$AS207,IF(AND($P$3="No",$R$3="No Effect",$U$3="Full Effect"),$AT207,IF(AND($P$3="No",$R$3="Medium Effect",$U$3="No Effect"),$AQ207,IF(AND($P$3="No",$R$3="Full Effect",$U$3="No Effect"),$AR207,IF(AND($P202="Yes",$R$3="No Effect",$U$3="No Effect"),$AY207,"Use FPTS per GP"))))))))))))))))) -> -0.61035607 | AL207: =IFERROR(VLOOKUP(C207,CALC!$K$2:$M$8,2,FALSE),1) -> 1.08 | AM207: =IFERROR(VLOOKUP(C207,CALC!$K$2:$M$8,3,FALSE),1) -> 1.04 | AN207: =VLOOKUP(B207,CALC!$E$2:$H$33,3,FALSE) -> 0.93 | AO207: =VLOOKUP(B207,CALC!$E$2:$H$33,4,FALSE) -> 0.965 | AQ207: =$AA207*AM207 -> 5.3543781 | AR207: =$AA207*AL207 -> 5.5603157 | AS207: =$AA207*AO207 -> 4.9682451 | AT207: =$AA207*AN207 -> 4.7880496 | AU207: =$AA207*AM207*AO207 -> 5.1669749 | AV207: =$AA207*AM207*AN207 -> 4.9795716 | AW207: =$AA207*AL207*AO207 -> 5.3657047 | AX207: =$AA207*AL207*AN207 -> 5.1710936 | AY207: =IF($C207="D",$AA207-$AE$3,$AA207-$AD$3) -> -0.60816667 | AZ207: =$AY207*AM207 -> -0.63249333 | BA207: =$AY207*AL207 -> -0.65682 | BB207: =$AY207*AO207 -> -0.58688083 | BC207: =$AY207*AN207 -> -0.565595 | BD207: =$AY207*AM207*AO207 -> -0.61035607 | BE207: =$AY207*AM207*AN207 -> -0.5882188 | BF207: =$AY207*AL207*AO207 -> -0.6338313 | BG207: =$AY207*AL207*AN207 -> -0.6108426
A208: Simon Nemec | B208: CGY | C208: =VLOOKUP(A208,CALC!$A$2:$C$494,3,FALSE) -> D | D208: 1 | E208: 84 | F208: 13 | G208: 29.8 | H208: 42.8 | I208: 14.4 | J208: 152.4 | K208: 26.3 | L208: 121.3 | M208: 32.9 | N208: 0.086 | O208: 21.75 | P208: =IF(F$4="Yes",F208*F$5,0) -> 65 | Q208: =IF(G$4="Yes",G208*G$5,0) -> 111.75 | R208: =IF(H$4="Yes",H208*H$5,0) -> 42.8 | S208: =IF(I$4="Yes",I208*I$5,0) -> 7.2 | T208: =IF(J$4="Yes",J208*J$5,0) -> 76.2 | U208: =IF(K$4="Yes",K208*K$5,0) -> 7.89 | V208: =IF(L$4="Yes",L208*L$5,0) -> 72.78 | W208: =IF(M$4="Yes",M208*M$5,0) -> 32.9 | ... Y208: =IF(O$4="Yes",O208*O$5,0) -> 0 | Z208: =SUM(P208:Y208) -> 416.606 | AA208: =Z208/E208 -> 4.9595952 | AB208: =IF(AND($P$3="Yes",$R$3="Full Effect",$U$3="Full Effect"),$BG208,IF(AND($P$3="Yes",$R$3="Medium Effect",$U$3="Full Effect"),$BE208,IF(AND($P$3="Yes",$R$3="Full Effect",$U$3="Medium Effect"),$BF208,IF(AND($P$3="Yes",$R$3="Medium Effect",$U$3="Medium Effect"),$BD208,IF(AND($P$3="Yes",$R$3="No Effect",$U$3="Medium Effect"),$BB208,IF(AND($P$3="Yes",$R$3="No Effect",$U$3="Full Effect"),$BC208,IF(AND($P$3="Yes",$R$3="Medium Effect",$U$3="No Effect"),$AZ208,IF(AND($P$3="Yes",$R$3="Full Effect",$U$3="No Effect"),$BA208,IF(AND($P$3="No",$R$3="Full Effect",$U$3="Full Effect"),$AX208,IF(AND($P$3="No",$R$3="Medium Effect",$U$3="Full Effect"),$AV208,IF(AND($P$3="No",$R$3="Full Effect",$U$3="Medium Effect"),$AW208,IF(AND($P$3="No",$R$3="Medium Effect",$U$3="Medium Effect"),$AU208,IF(AND($P$3="No",$R$3="No Effect",$U$3="Medium Effect"),$AS208,IF(AND($P$3="No",$R$3="No Effect",$U$3="Full Effect"),$AT208,IF(AND($P$3="No",$R$3="Medium Effect",$U$3="No Effect"),$AQ208,IF(AND($P$3="No",$R$3="Full Effect",$U$3="No Effect"),$AR208,IF(AND($P203="Yes",$R$3="No Effect",$U$3="No Effect"),$AY208,"Use FPTS per GP"))))))))))))))))) -> 0.043851786 | AL208: =IFERROR(VLOOKUP(C208,CALC!$K$2:$M$8,2,FALSE),1) -> 1 | AM208: =IFERROR(VLOOKUP(C208,CALC!$K$2:$M$8,3,FALSE),1) -> 1 | AN208: =VLOOKUP(B208,CALC!$E$2:$H$33,3,FALSE) -> 0.95 | AO208: =VLOOKUP(B208,CALC!$E$2:$H$33,4,FALSE) -> 0.975 | AQ208: =$AA208*AM208 -> 4.9595952 | AR208: =$AA208*AL208 -> 4.9595952 | AS208: =$AA208*AO208 -> 4.8356054 | AT208: =$AA208*AN208 -> 4.7116155 | AU208: =$AA208*AM208*AO208 -> 4.8356054 | AV208: =$AA208*AM208*AN208 -> 4.7116155 | AW208: =$AA208*AL208*AO208 -> 4.8356054 | AX208: =$AA208*AL208*AN208 -> 4.7116155 | AY208: =IF($C208="D",$AA208-$AE$3,$AA208-$AD$3) -> 0.04497619 | AZ208: =$AY208*AM208 -> 0.04497619 | BA208: =$AY208*AL208 -> 0.04497619 | BB208: =$AY208*AO208 -> 0.043851786 | BC208: =$AY208*AN208 -> 0.042727381 | BD208: =$AY208*AM208*AO208 -> 0.043851786 | BE208: =$AY208*AM208*AN208 -> 0.042727381 | BF208: =$AY208*AL208*AO208 -> 0.043851786 | BG208: =$AY208*AL208*AN208 -> 0.042727381
A209: Mathieu Olivier | B209: CBJ | C209: =VLOOKUP(A209,CALC!$A$2:$C$494,3,FALSE) -> RW | E209: 84 | F209: 18.6 | G209: 15.2 | H209: 33.8 | I209: 0 | J209: 124.2 | K209: 299 | L209: 63.5 | M209: 141.8 | N209: 0.15 | O209: 14.25 | P209: =IF(F$4="Yes",F209*F$5,0) -> 93 | Q209: =IF(G$4="Yes",G209*G$5,0) -> 57 | R209: =IF(H$4="Yes",H209*H$5,0) -> 33.8 | S209: =IF(I$4="Yes",I209*I$5,0) -> 0 | T209: =IF(J$4="Yes",J209*J$5,0) -> 62.1 | U209: =IF(K$4="Yes",K209*K$5,0) -> 89.7 | V209: =IF(L$4="Yes",L209*L$5,0) -> 38.1 | W209: =IF(M$4="Yes",M209*M$5,0) -> 141.8 | ... Y209: =IF(O$4="Yes",O209*O$5,0) -> 0 | Z209: =SUM(P209:Y209) -> 515.65 | AA209: =Z209/E209 -> 6.1386905 | AB209: =IF(AND($P$3="Yes",$R$3="Full Effect",$U$3="Full Effect"),$BG209,IF(AND($P$3="Yes",$R$3="Medium Effect",$U$3="Full Effect"),$BE209,IF(AND($P$3="Yes",$R$3="Full Effect",$U$3="Medium Effect"),$BF209,IF(AND($P$3="Yes",$R$3="Medium Effect",$U$3="Medium Effect"),$BD209,IF(AND($P$3="Yes",$R$3="No Effect",$U$3="Medium Effect"),$BB209,IF(AND($P$3="Yes",$R$3="No Effect",$U$3="Full Effect"),$BC209,IF(AND($P$3="Yes",$R$3="Medium Effect",$U$3="No Effect"),$AZ209,IF(AND($P$3="Yes",$R$3="Full Effect",$U$3="No Effect"),$BA209,IF(AND($P$3="No",$R$3="Full Effect",$U$3="Full Effect"),$AX209,IF(AND($P$3="No",$R$3="Medium Effect",$U$3="Full Effect"),$AV209,IF(AND($P$3="No",$R$3="Full Effect",$U$3="Medium Effect"),$AW209,IF(AND($P$3="No",$R$3="Medium Effect",$U$3="Medium Effect"),$AU209,IF(AND($P$3="No",$R$3="No Effect",$U$3="Medium Effect"),$AS209,IF(AND($P$3="No",$R$3="No Effect",$U$3="Full Effect"),$AT209,IF(AND($P$3="No",$R$3="Medium Effect",$U$3="No Effect"),$AQ209,IF(AND($P$3="No",$R$3="Full Effect",$U$3="No Effect"),$AR209,IF(AND($P204="Yes",$R$3="No Effect",$U$3="No Effect"),$AY209,"Use FPTS per GP"))))))))))))))))) -> 0.35390469 | AL209: =IFERROR(VLOOKUP(C209,CALC!$K$2:$M$8,2,FALSE),1) -> 0.95 | AM209: =IFERROR(VLOOKUP(C209,CALC!$K$2:$M$8,3,FALSE),1) -> 0.975 | AN209: =VLOOKUP(B209,CALC!$E$2:$H$33,3,FALSE) -> 0.9 | AO209: =VLOOKUP(B209,CALC!$E$2:$H$33,4,FALSE) -> 0.95 | AQ209: =$AA209*AM209 -> 5.9852232 | AR209: =$AA209*AL209 -> 5.831756 | AS209: =$AA209*AO209 -> 5.831756 | AT209: =$AA209*AN209 -> 5.5248214 | AU209: =$AA209*AM209*AO209 -> 5.6859621 | AV209: =$AA209*AM209*AN209 -> 5.3867009 | AW209: =$AA209*AL209*AO209 -> 5.5401682 | AX209: =$AA209*AL209*AN209 -> 5.2485804 | AY209: =IF($C209="D",$AA209-$AE$3,$AA209-$AD$3) -> 0.38208333 | AZ209: =$AY209*AM209 -> 0.37253125 | BA209: =$AY209*AL209 -> 0.36297917 | BB209: =$AY209*AO209 -> 0.36297917 | BC209: =$AY209*AN209 -> 0.343875 | BD209: =$AY209*AM209*AO209 -> 0.35390469 | BE209: =$AY209*AM209*AN209 -> 0.33527813 | BF209: =$AY209*AL209*AO209 -> 0.34483021 | BG209: =$AY209*AL209*AN209 -> 0.32668125
A210: Emil Heineman | B210: NYI | C210: =VLOOKUP(A210,CALC!$A$2:$C$494,3,FALSE) -> LW/RW | D210: 2 | E210: 84 | F210: 20.1 | G210: 12.9 | H210: 33 | I210: 4.8 | J210: 162.1 | K210: 245.9 | L210: 51.6 | M210: 20.8 | N210: 0.124 | O210: 15.75 | P210: =IF(F$4="Yes",F210*F$5,0) -> 100.5 | Q210: =IF(G$4="Yes",G210*G$5,0) -> 48.375 | R210: =IF(H$4="Yes",H210*H$5,0) -> 33 | S210: =IF(I$4="Yes",I210*I$5,0) -> 2.4 | T210: =IF(J$4="Yes",J210*J$5,0) -> 81.05 | U210: =IF(K$4="Yes",K210*K$5,0) -> 73.77 | V210: =IF(L$4="Yes",L210*L$5,0) -> 30.96 | W210: =IF(M$4="Yes",M210*M$5,0) -> 20.8 | ... Y210: =IF(O$4="Yes",O210*O$5,0) -> 0 | Z210: =SUM(P210:Y210) -> 390.979 | AA210: =Z210/E210 -> 4.6545119 | AB210: =IF(AND($P$3="Yes",$R$3="Full Effect",$U$3="Full Effect"),$BG210,IF(AND($P$3="Yes",$R$3="Medium Effect",$U$3="Full Effect"),$BE210,IF(AND($P$3="Yes",$R$3="Full Effect",$U$3="Medium Effect"),$BF210,IF(AND($P$3="Yes",$R$3="Medium Effect",$U$3="Medium Effect"),$BD210,IF(AND($P$3="Yes",$R$3="No Effect",$U$3="Medium Effect"),$BB210,IF(AND($P$3="Yes",$R$3="No Effect",$U$3="Full Effect"),$BC210,IF(AND($P$3="Yes",$R$3="Medium Effect",$U$3="No Effect"),$AZ210,IF(AND($P$3="Yes",$R$3="Full Effect",$U$3="No Effect"),$BA210,IF(AND($P$3="No",$R$3="Full Effect",$U$3="Full Effect"),$AX210,IF(AND($P$3="No",$R$3="Medium Effect",$U$3="Full Effect"),$AV210,IF(AND($P$3="No",$R$3="Full Effect",$U$3="Medium Effect"),$AW210,IF(AND($P$3="No",$R$3="Medium Effect",$U$3="Medium Effect"),$AU210,IF(AND($P$3="No",$R$3="No Effect",$U$3="Medium Effect"),$AS210,IF(AND($P$3="No",$R$3="No Effect",$U$3="Full Effect"),$AT210,IF(AND($P$3="No",$R$3="Medium Effect",$U$3="No Effect"),$AQ210,IF(AND($P$3="No",$R$3="Full Effect",$U$3="No Effect"),$AR210,IF(AND($P205="Yes",$R$3="No Effect",$U$3="No Effect"),$AY210,"Use FPTS per GP"))))))))))))))))) -> -1.0888701 | AL210: =IFERROR(VLOOKUP(C210,CALC!$K$2:$M$8,2,FALSE),1) -> 1.08 | AM210: =IFERROR(VLOOKUP(C210,CALC!$K$2:$M$8,3,FALSE),1) -> 1.04 | AN210: =VLOOKUP(B210,CALC!$E$2:$H$33,3,FALSE) -> 0.9 | AO210: =VLOOKUP(B210,CALC!$E$2:$H$33,4,FALSE) -> 0.95 | AQ210: =$AA210*AM210 -> 4.8406924 | AR210: =$AA210*AL210 -> 5.0268729 | AS210: =$AA210*AO210 -> 4.4217863 | AT210: =$AA210*AN210 -> 4.1890607 | AU210: =$AA210*AM210*AO210 -> 4.5986578 | AV210: =$AA210*AM210*AN210 -> 4.3566231 | AW210: =$AA210*AL210*AO210 -> 4.7755292 | AX210: =$AA210*AL210*AN210 -> 4.5241856 | AY210: =IF($C210="D",$AA210-$AE$3,$AA210-$AD$3) -> -1.1020952 | AZ210: =$AY210*AM210 -> -1.146179 | BA210: =$AY210*AL210 -> -1.1902629 | BB210: =$AY210*AO210 -> -1.0469905 | BC210: =$AY210*AN210 -> -0.99188571 | BD210: =$AY210*AM210*AO210 -> -1.0888701 | BE210: =$AY210*AM210*AN210 -> -1.0315611 | BF210: =$AY210*AL210*AO210 -> -1.1307497 | BG210: =$AY210*AL210*AN210 -> -1.0712366
A211: Kyle Palmieri | B211: NYI | C211: =VLOOKUP(A211,CALC!$A$2:$C$494,3,FALSE) -> RW | D211: 2 | E211: 84 | F211: 23.5 | G211: 22.2 | H211: 45.7 | I211: 12.9 | J211: 179.4 | K211: 58.5 | L211: 36.7 | M211: 23.6 | N211: 0.131 | O211: 17.25 | P211: =IF(F$4="Yes",F211*F$5,0) -> 117.5 | Q211: =IF(G$4="Yes",G211*G$5,0) -> 83.25 | R211: =IF(H$4="Yes",H211*H$5,0) -> 45.7 | S211: =IF(I$4="Yes",I211*I$5,0) -> 6.45 | T211: =IF(J$4="Yes",J211*J$5,0) -> 89.7 | U211: =IF(K$4="Yes",K211*K$5,0) -> 17.55 | V211: =IF(L$4="Yes",L211*L$5,0) -> 22.02 | W211: =IF(M$4="Yes",M211*M$5,0) -> 23.6 | ... Y211: =IF(O$4="Yes",O211*O$5,0) -> 0 | Z211: =SUM(P211:Y211) -> 405.901 | AA211: =Z211/E211 -> 4.8321548 | AB211: =IF(AND($P$3="Yes",$R$3="Full Effect",$U$3="Full Effect"),$BG211,IF(AND($P$3="Yes",$R$3="Medium Effect",$U$3="Full Effect"),$BE211,IF(AND($P$3="Yes",$R$3="Full Effect",$U$3="Medium Effect"),$BF211,IF(AND($P$3="Yes",$R$3="Medium Effect",$U$3="Medium Effect"),$BD211,IF(AND($P$3="Yes",$R$3="No Effect",$U$3="Medium Effect"),$BB211,IF(AND($P$3="Yes",$R$3="No Effect",$U$3="Full Effect"),$BC211,IF(AND($P$3="Yes",$R$3="Medium Effect",$U$3="No Effect"),$AZ211,IF(AND($P$3="Yes",$R$3="Full Effect",$U$3="No Effect"),$BA211,IF(AND($P$3="No",$R$3="Full Effect",$U$3="Full Effect"),$AX211,IF(AND($P$3="No",$R$3="Medium Effect",$U$3="Full Effect"),$AV211,IF(AND($P$3="No",$R$3="Full Effect",$U$3="Medium Effect"),$AW211,IF(AND($P$3="No",$R$3="Medium Effect",$U$3="Medium Effect"),$AU211,IF(AND($P$3="No",$R$3="No Effect",$U$3="Medium Effect"),$AS211,IF(AND($P$3="No",$R$3="No Effect",$U$3="Full Effect"),$AT211,IF(AND($P$3="No",$R$3="Medium Effect",$U$3="No Effect"),$AQ211,IF(AND($P$3="No",$R$3="Full Effect",$U$3="No Effect"),$AR211,IF(AND($P206="Yes",$R$3="No Effect",$U$3="No Effect"),$AY211,"Use FPTS per GP"))))))))))))))))) -> -0.85627402 | AL211: =IFERROR(VLOOKUP(C211,CALC!$K$2:$M$8,2,FALSE),1) -> 0.95 | AM211: =IFERROR(VLOOKUP(C211,CALC!$K$2:$M$8,3,FALSE),1) -> 0.975 | AN211: =VLOOKUP(B211,CALC!$E$2:$H$33,3,FALSE) -> 0.9 | AO211: =VLOOKUP(B211,CALC!$E$2:$H$33,4,FALSE) -> 0.95 | AQ211: =$AA211*AM211 -> 4.7113509 | AR211: =$AA211*AL211 -> 4.590547 | AS211: =$AA211*AO211 -> 4.590547 | AT211: =$AA211*AN211 -> 4.3489393 | AU211: =$AA211*AM211*AO211 -> 4.4757833 | AV211: =$AA211*AM211*AN211 -> 4.2402158 | AW211: =$AA211*AL211*AO211 -> 4.3610197 | AX211: =$AA211*AL211*AN211 -> 4.1314923 | AY211: =IF($C211="D",$AA211-$AE$3,$AA211-$AD$3) -> -0.92445238 | AZ211: =$AY211*AM211 -> -0.90134107 | BA211: =$AY211*AL211 -> -0.87822976 | BB211: =$AY211*AO211 -> -0.87822976 | BC211: =$AY211*AN211 -> -0.83200714 | BD211: =$AY211*AM211*AO211 -> -0.85627402 | BE211: =$AY211*AM211*AN211 -> -0.81120696 | BF211: =$AY211*AL211*AO211 -> -0.83431827 | BG211: =$AY211*AL211*AN211 -> -0.79040679
A212: Mavrik Bourque | B212: NSH | C212: =VLOOKUP(A212,CALC!$A$2:$C$494,3,FALSE) -> C/RW | D212: 2 | E212: 84 | F212: 20 | G212: 30.8 | H212: 50.7 | I212: 13.5 | J212: 142.8 | K212: 78.4 | L212: 31 | M212: 18.6 | N212: 0.14 | O212: 16.25 | P212: =IF(F$4="Yes",F212*F$5,0) -> 100 | Q212: =IF(G$4="Yes",G212*G$5,0) -> 115.5 | R212: =IF(H$4="Yes",H212*H$5,0) -> 50.7 | S212: =IF(I$4="Yes",I212*I$5,0) -> 6.75 | T212: =IF(J$4="Yes",J212*J$5,0) -> 71.4 | U212: =IF(K$4="Yes",K212*K$5,0) -> 23.52 | V212: =IF(L$4="Yes",L212*L$5,0) -> 18.6 | W212: =IF(M$4="Yes",M212*M$5,0) -> 18.6 | ... Y212: =IF(O$4="Yes",O212*O$5,0) -> 0 | Z212: =SUM(P212:Y212) -> 405.21 | AA212: =Z212/E212 -> 4.8239286 | AB212: =IF(AND($P$3="Yes",$R$3="Full Effect",$U$3="Full Effect"),$BG212,IF(AND($P$3="Yes",$R$3="Medium Effect",$U$3="Full Effect"),$BE212,IF(AND($P$3="Yes",$R$3="Full Effect",$U$3="Medium Effect"),$BF212,IF(AND($P$3="Yes",$R$3="Medium Effect",$U$3="Medium Effect"),$BD212,IF(AND($P$3="Yes",$R$3="No Effect",$U$3="Medium Effect"),$BB212,IF(AND($P$3="Yes",$R$3="No Effect",$U$3="Full Effect"),$BC212,IF(AND($P$3="Yes",$R$3="Medium Effect",$U$3="No Effect"),$AZ212,IF(AND($P$3="Yes",$R$3="Full Effect",$U$3="No Effect"),$BA212,IF(AND($P$3="No",$R$3="Full Effect",$U$3="Full Effect"),$AX212,IF(AND($P$3="No",$R$3="Medium Effect",$U$3="Full Effect"),$AV212,IF(AND($P$3="No",$R$3="Full Effect",$U$3="Medium Effect"),$AW212,IF(AND($P$3="No",$R$3="Medium Effect",$U$3="Medium Effect"),$AU212,IF(AND($P$3="No",$R$3="No Effect",$U$3="Medium Effect"),$AS212,IF(AND($P$3="No",$R$3="No Effect",$U$3="Full Effect"),$AT212,IF(AND($P$3="No",$R$3="Medium Effect",$U$3="No Effect"),$AQ212,IF(AND($P$3="No",$R$3="Full Effect",$U$3="No Effect"),$AR212,IF(AND($P207="Yes",$R$3="No Effect",$U$3="No Effect"),$AY212,"Use FPTS per GP"))))))))))))))))) -> -0.82486093 | AL212: =IFERROR(VLOOKUP(C212,CALC!$K$2:$M$8,2,FALSE),1) -> 1.01 | AM212: =IFERROR(VLOOKUP(C212,CALC!$K$2:$M$8,3,FALSE),1) -> 1.005 | AN212: =VLOOKUP(B212,CALC!$E$2:$H$33,3,FALSE) -> 0.76 | AO212: =VLOOKUP(B212,CALC!$E$2:$H$33,4,FALSE) -> 0.88 | AQ212: =$AA212*AM212 -> 4.8480482 | AR212: =$AA212*AL212 -> 4.8721679 | AS212: =$AA212*AO212 -> 4.2450571 | AT212: =$AA212*AN212 -> 3.6661857 | AU212: =$AA212*AM212*AO212 -> 4.2662824 | AV212: =$AA212*AM212*AN212 -> 3.6845166 | AW212: =$AA212*AL212*AO212 -> 4.2875077 | AX212: =$AA212*AL212*AN212 -> 3.7028476 | AY212: =IF($C212="D",$AA212-$AE$3,$AA212-$AD$3) -> -0.93267857 | AZ212: =$AY212*AM212 -> -0.93734196 | BA212: =$AY212*AL212 -> -0.94200536 | BB212: =$AY212*AO212 -> -0.82075714 | BC212: =$AY212*AN212 -> -0.70883571 | BD212: =$AY212*AM212*AO212 -> -0.82486093 | BE212: =$AY212*AM212*AN212 -> -0.71237989 | BF212: =$AY212*AL212*AO212 -> -0.82896471 | BG212: =$AY212*AL212*AN212 -> -0.71592407
A213: Neal Pionk | B213: WPG | C213: =VLOOKUP(A213,CALC!$A$2:$C$494,3,FALSE) -> D | D213: 2 | E213: 84 | F213: 4.9 | G213: 30.2 | H213: 35 | I213: 7.5 | J213: 139.1 | K213: 171.9 | L213: 121.9 | M213: 56.9 | N213: 0.035 | O213: 22.25 | P213: =IF(F$4="Yes",F213*F$5,0) -> 24.5 | Q213: =IF(G$4="Yes",G213*G$5,0) -> 113.25 | R213: =IF(H$4="Yes",H213*H$5,0) -> 35 | S213: =IF(I$4="Yes",I213*I$5,0) -> 3.75 | T213: =IF(J$4="Yes",J213*J$5,0) -> 69.55 | U213: =IF(K$4="Yes",K213*K$5,0) -> 51.57 | V213: =IF(L$4="Yes",L213*L$5,0) -> 73.14 | W213: =IF(M$4="Yes",M213*M$5,0) -> 56.9 | ... Y213: =IF(O$4="Yes",O213*O$5,0) -> 0 | Z213: =SUM(P213:Y213) -> 427.695 | AA213: =Z213/E213 -> 5.0916071 | AB213: =IF(AND($P$3="Yes",$R$3="Full Effect",$U$3="Full Effect"),$BG213,IF(AND($P$3="Yes",$R$3="Medium Effect",$U$3="Full Effect"),$BE213,IF(AND($P$3="Yes",$R$3="Full Effect",$U$3="Medium Effect"),$BF213,IF(AND($P$3="Yes",$R$3="Medium Effect",$U$3="Medium Effect"),$BD213,IF(AND($P$3="Yes",$R$3="No Effect",$U$3="Medium Effect"),$BB213,IF(AND($P$3="Yes",$R$3="No Effect",$U$3="Full Effect"),$BC213,IF(AND($P$3="Yes",$R$3="Medium Effect",$U$3="No Effect"),$AZ213,IF(AND($P$3="Yes",$R$3="Full Effect",$U$3="No Effect"),$BA213,IF(AND($P$3="No",$R$3="Full Effect",$U$3="Full Effect"),$AX213,IF(AND($P$3="No",$R$3="Medium Effect",$U$3="Full Effect"),$AV213,IF(AND($P$3="No",$R$3="Full Effect",$U$3="Medium Effect"),$AW213,IF(AND($P$3="No",$R$3="Medium Effect",$U$3="Medium Effect"),$AU213,IF(AND($P$3="No",$R$3="No Effect",$U$3="Medium Effect"),$AS213,IF(AND($P$3="No",$R$3="No Effect",$U$3="Full Effect"),$AT213,IF(AND($P$3="No",$R$3="Medium Effect",$U$3="No Effect"),$AQ213,IF(AND($P$3="No",$R$3="Full Effect",$U$3="No Effect"),$AR213,IF(AND($P208="Yes",$R$3="No Effect",$U$3="No Effect"),$AY213,"Use FPTS per GP"))))))))))))))))) -> 0.18052786 | AL213: =IFERROR(VLOOKUP(C213,CALC!$K$2:$M$8,2,FALSE),1) -> 1 | AM213: =IFERROR(VLOOKUP(C213,CALC!$K$2:$M$8,3,FALSE),1) -> 1 | AN213: =VLOOKUP(B213,CALC!$E$2:$H$33,3,FALSE) -> 1.04 | AO213: =VLOOKUP(B213,CALC!$E$2:$H$33,4,FALSE) -> 1.02 | AQ213: =$AA213*AM213 -> 5.0916071 | AR213: =$AA213*AL213 -> 5.0916071 | AS213: =$AA213*AO213 -> 5.1934393 | AT213: =$AA213*AN213 -> 5.2952714 | AU213: =$AA213*AM213*AO213 -> 5.1934393 | AV213: =$AA213*AM213*AN213 -> 5.2952714 | AW213: =$AA213*AL213*AO213 -> 5.1934393 | AX213: =$AA213*AL213*AN213 -> 5.2952714 | AY213: =IF($C213="D",$AA213-$AE$3,$AA213-$AD$3) -> 0.1769881 | AZ213: =$AY213*AM213 -> 0.1769881 | BA213: =$AY213*AL213 -> 0.1769881 | BB213: =$AY213*AO213 -> 0.18052786 | BC213: =$AY213*AN213 -> 0.18406762 | BD213: =$AY213*AM213*AO213 -> 0.18052786 | BE213: =$AY213*AM213*AN213 -> 0.18406762 | BF213: =$AY213*AL213*AO213 -> 0.18052786 | BG213: =$AY213*AL213*AN213 -> 0.18406762
A214: Cole Hutson | B214: WSH | C214: =VLOOKUP(A214,CALC!$A$2:$C$494,3,FALSE) -> D | D214: 2 | E214: 84 | F214: 9.7 | G214: 35.5 | H214: 45.2 | I214: 15.9 | J214: 156.5 | K214: 102.9 | L214: 61.3 | M214: 47.6 | N214: 0.062 | O214: 19.5 | P214: =IF(F$4="Yes",F214*F$5,0) -> 48.5 | Q214: =IF(G$4="Yes",G214*G$5,0) -> 133.125 | R214: =IF(H$4="Yes",H214*H$5,0) -> 45.2 | S214: =IF(I$4="Yes",I214*I$5,0) -> 7.95 | T214: =IF(J$4="Yes",J214*J$5,0) -> 78.25 | U214: =IF(K$4="Yes",K214*K$5,0) -> 30.87 | V214: =IF(L$4="Yes",L214*L$5,0) -> 36.78 | W214: =IF(M$4="Yes",M214*M$5,0) -> 47.6 | ... Y214: =IF(O$4="Yes",O214*O$5,0) -> 0 | Z214: =SUM(P214:Y214) -> 428.337 | AA214: =Z214/E214 -> 5.09925 | AB214: =IF(AND($P$3="Yes",$R$3="Full Effect",$U$3="Full Effect"),$BG214,IF(AND($P$3="Yes",$R$3="Medium Effect",$U$3="Full Effect"),$BE214,IF(AND($P$3="Yes",$R$3="Full Effect",$U$3="Medium Effect"),$BF214,IF(AND($P$3="Yes",$R$3="Medium Effect",$U$3="Medium Effect"),$BD214,IF(AND($P$3="Yes",$R$3="No Effect",$U$3="Medium Effect"),$BB214,IF(AND($P$3="Yes",$R$3="No Effect",$U$3="Full Effect"),$BC214,IF(AND($P$3="Yes",$R$3="Medium Effect",$U$3="No Effect"),$AZ214,IF(AND($P$3="Yes",$R$3="Full Effect",$U$3="No Effect"),$BA214,IF(AND($P$3="No",$R$3="Full Effect",$U$3="Full Effect"),$AX214,IF(AND($P$3="No",$R$3="Medium Effect",$U$3="Full Effect"),$AV214,IF(AND($P$3="No",$R$3="Full Effect",$U$3="Medium Effect"),$AW214,IF(AND($P$3="No",$R$3="Medium Effect",$U$3="Medium Effect"),$AU214,IF(AND($P$3="No",$R$3="No Effect",$U$3="Medium Effect"),$AS214,IF(AND($P$3="No",$R$3="No Effect",$U$3="Full Effect"),$AT214,IF(AND($P$3="No",$R$3="Medium Effect",$U$3="No Effect"),$AQ214,IF(AND($P$3="No",$R$3="Full Effect",$U$3="No Effect"),$AR214,IF(AND($P209="Yes",$R$3="No Effect",$U$3="No Effect"),$AY214,"Use FPTS per GP"))))))))))))))))) -> 0.20217089 | AL214: =IFERROR(VLOOKUP(C214,CALC!$K$2:$M$8,2,FALSE),1) -> 1 | AM214: =IFERROR(VLOOKUP(C214,CALC!$K$2:$M$8,3,FALSE),1) -> 1 | AN214: =VLOOKUP(B214,CALC!$E$2:$H$33,3,FALSE) -> 1.19 | AO214: =VLOOKUP(B214,CALC!$E$2:$H$33,4,FALSE) -> 1.095 | AQ214: =$AA214*AM214 -> 5.09925 | AR214: =$AA214*AL214 -> 5.09925 | AS214: =$AA214*AO214 -> 5.5836787 | AT214: =$AA214*AN214 -> 6.0681075 | AU214: =$AA214*AM214*AO214 -> 5.5836787 | AV214: =$AA214*AM214*AN214 -> 6.0681075 | AW214: =$AA214*AL214*AO214 -> 5.5836787 | AX214: =$AA214*AL214*AN214 -> 6.0681075 | AY214: =IF($C214="D",$AA214-$AE$3,$AA214-$AD$3) -> 0.18463095 | AZ214: =$AY214*AM214 -> 0.18463095 | BA214: =$AY214*AL214 -> 0.18463095 | BB214: =$AY214*AO214 -> 0.20217089 | BC214: =$AY214*AN214 -> 0.21971083 | BD214: =$AY214*AM214*AO214 -> 0.20217089 | BE214: =$AY214*AM214*AN214 -> 0.21971083 | BF214: =$AY214*AL214*AO214 -> 0.20217089 | BG214: =$AY214*AL214*AN214 -> 0.21971083
A215: K'Andre Miller | B215: CAR | C215: =VLOOKUP(A215,CALC!$A$2:$C$494,3,FALSE) -> D | D215: 2 | E215: 84 | F215: 8.4 | G215: 34.4 | H215: 42.8 | I215: 4.9 | J215: 137.2 | K215: 119 | L215: 95.9 | M215: 51.3 | N215: 0.061 | O215: 22.5 | P215: =IF(F$4="Yes",F215*F$5,0) -> 42 | Q215: =IF(G$4="Yes",G215*G$5,0) -> 129 | R215: =IF(H$4="Yes",H215*H$5,0) -> 42.8 | S215: =IF(I$4="Yes",I215*I$5,0) -> 2.45 | T215: =IF(J$4="Yes",J215*J$5,0) -> 68.6 | U215: =IF(K$4="Yes",K215*K$5,0) -> 35.7 | V215: =IF(L$4="Yes",L215*L$5,0) -> 57.54 | W215: =IF(M$4="Yes",M215*M$5,0) -> 51.3 | ... Y215: =IF(O$4="Yes",O215*O$5,0) -> 0 | Z215: =SUM(P215:Y215) -> 429.451 | AA215: =Z215/E215 -> 5.1125119 | AB215: =IF(AND($P$3="Yes",$R$3="Full Effect",$U$3="Full Effect"),$BG215,IF(AND($P$3="Yes",$R$3="Medium Effect",$U$3="Full Effect"),$BE215,IF(AND($P$3="Yes",$R$3="Full Effect",$U$3="Medium Effect"),$BF215,IF(AND($P$3="Yes",$R$3="Medium Effect",$U$3="Medium Effect"),$BD215,IF(AND($P$3="Yes",$R$3="No Effect",$U$3="Medium Effect"),$BB215,IF(AND($P$3="Yes",$R$3="No Effect",$U$3="Full Effect"),$BC215,IF(AND($P$3="Yes",$R$3="Medium Effect",$U$3="No Effect"),$AZ215,IF(AND($P$3="Yes",$R$3="Full Effect",$U$3="No Effect"),$BA215,IF(AND($P$3="No",$R$3="Full Effect",$U$3="Full Effect"),$AX215,IF(AND($P$3="No",$R$3="Medium Effect",$U$3="Full Effect"),$AV215,IF(AND($P$3="No",$R$3="Full Effect",$U$3="Medium Effect"),$AW215,IF(AND($P$3="No",$R$3="Medium Effect",$U$3="Medium Effect"),$AU215,IF(AND($P$3="No",$R$3="No Effect",$U$3="Medium Effect"),$AS215,IF(AND($P$3="No",$R$3="No Effect",$U$3="Full Effect"),$AT215,IF(AND($P$3="No",$R$3="Medium Effect",$U$3="No Effect"),$AQ215,IF(AND($P$3="No",$R$3="Full Effect",$U$3="No Effect"),$AR215,IF(AND($P210="Yes",$R$3="No Effect",$U$3="No Effect"),$AY215,"Use FPTS per GP"))))))))))))))))) -> 0.19789286 | AL215: =IFERROR(VLOOKUP(C215,CALC!$K$2:$M$8,2,FALSE),1) -> 1 | AM215: =IFERROR(VLOOKUP(C215,CALC!$K$2:$M$8,3,FALSE),1) -> 1 | AN215: =VLOOKUP(B215,CALC!$E$2:$H$33,3,FALSE) -> 1 | AO215: =VLOOKUP(B215,CALC!$E$2:$H$33,4,FALSE) -> 1 | AQ215: =$AA215*AM215 -> 5.1125119 | AR215: =$AA215*AL215 -> 5.1125119 | AS215: =$AA215*AO215 -> 5.1125119 | AT215: =$AA215*AN215 -> 5.1125119 | AU215: =$AA215*AM215*AO215 -> 5.1125119 | AV215: =$AA215*AM215*AN215 -> 5.1125119 | AW215: =$AA215*AL215*AO215 -> 5.1125119 | AX215: =$AA215*AL215*AN215 -> 5.1125119 | AY215: =IF($C215="D",$AA215-$AE$3,$AA215-$AD$3) -> 0.19789286 | AZ215: =$AY215*AM215 -> 0.19789286 | BA215: =$AY215*AL215 -> 0.19789286 | BB215: =$AY215*AO215 -> 0.19789286 | BC215: =$AY215*AN215 -> 0.19789286 | BD215: =$AY215*AM215*AO215 -> 0.19789286 | BE215: =$AY215*AM215*AN215 -> 0.19789286 | BF215: =$AY215*AL215*AO215 -> 0.19789286 | BG215: =$AY215*AL215*AN215 -> 0.19789286
A216: Sean Walker | B216: CAR | C216: =VLOOKUP(A216,CALC!$A$2:$C$494,3,FALSE) -> D | E216: 84 | F216: 9.1 | G216: 22.6 | H216: 31.7 | I216: 1.5 | J216: 176.1 | K216: 137.2 | L216: 123.9 | M216: 58.4 | N216: 0.052 | O216: 21.5 | P216: =IF(F$4="Yes",F216*F$5,0) -> 45.5 | Q216: =IF(G$4="Yes",G216*G$5,0) -> 84.75 | R216: =IF(H$4="Yes",H216*H$5,0) -> 31.7 | S216: =IF(I$4="Yes",I216*I$5,0) -> 0.75 | T216: =IF(J$4="Yes",J216*J$5,0) -> 88.05 | U216: =IF(K$4="Yes",K216*K$5,0) -> 41.16 | V216: =IF(L$4="Yes",L216*L$5,0) -> 74.34 | W216: =IF(M$4="Yes",M216*M$5,0) -> 58.4 | ... Y216: =IF(O$4="Yes",O216*O$5,0) -> 0 | Z216: =SUM(P216:Y216) -> 424.702 | AA216: =Z216/E216 -> 5.0559762 | AB216: =IF(AND($P$3="Yes",$R$3="Full Effect",$U$3="Full Effect"),$BG216,IF(AND($P$3="Yes",$R$3="Medium Effect",$U$3="Full Effect"),$BE216,IF(AND($P$3="Yes",$R$3="Full Effect",$U$3="Medium Effect"),$BF216,IF(AND($P$3="Yes",$R$3="Medium Effect",$U$3="Medium Effect"),$BD216,IF(AND($P$3="Yes",$R$3="No Effect",$U$3="Medium Effect"),$BB216,IF(AND($P$3="Yes",$R$3="No Effect",$U$3="Full Effect"),$BC216,IF(AND($P$3="Yes",$R$3="Medium Effect",$U$3="No Effect"),$AZ216,IF(AND($P$3="Yes",$R$3="Full Effect",$U$3="No Effect"),$BA216,IF(AND($P$3="No",$R$3="Full Effect",$U$3="Full Effect"),$AX216,IF(AND($P$3="No",$R$3="Medium Effect",$U$3="Full Effect"),$AV216,IF(AND($P$3="No",$R$3="Full Effect",$U$3="Medium Effect"),$AW216,IF(AND($P$3="No",$R$3="Medium Effect",$U$3="Medium Effect"),$AU216,IF(AND($P$3="No",$R$3="No Effect",$U$3="Medium Effect"),$AS216,IF(AND($P$3="No",$R$3="No Effect",$U$3="Full Effect"),$AT216,IF(AND($P$3="No",$R$3="Medium Effect",$U$3="No Effect"),$AQ216,IF(AND($P$3="No",$R$3="Full Effect",$U$3="No Effect"),$AR216,IF(AND($P211="Yes",$R$3="No Effect",$U$3="No Effect"),$AY216,"Use FPTS per GP"))))))))))))))))) -> 0.14135714 | AL216: =IFERROR(VLOOKUP(C216,CALC!$K$2:$M$8,2,FALSE),1) -> 1 | AM216: =IFERROR(VLOOKUP(C216,CALC!$K$2:$M$8,3,FALSE),1) -> 1 | AN216: =VLOOKUP(B216,CALC!$E$2:$H$33,3,FALSE) -> 1 | AO216: =VLOOKUP(B216,CALC!$E$2:$H$33,4,FALSE) -> 1 | AQ216: =$AA216*AM216 -> 5.0559762 | AR216: =$AA216*AL216 -> 5.0559762 | AS216: =$AA216*AO216 -> 5.0559762 | AT216: =$AA216*AN216 -> 5.0559762 | AU216: =$AA216*AM216*AO216 -> 5.0559762 | AV216: =$AA216*AM216*AN216 -> 5.0559762 | AW216: =$AA216*AL216*AO216 -> 5.0559762 | AX216: =$AA216*AL216*AN216 -> 5.0559762 | AY216: =IF($C216="D",$AA216-$AE$3,$AA216-$AD$3) -> 0.14135714 | AZ216: =$AY216*AM216 -> 0.14135714 | BA216: =$AY216*AL216 -> 0.14135714 | BB216: =$AY216*AO216 -> 0.14135714 | BC216: =$AY216*AN216 -> 0.14135714 | BD216: =$AY216*AM216*AO216 -> 0.14135714 | BE216: =$AY216*AM216*AN216 -> 0.14135714 | BF216: =$AY216*AL216*AO216 -> 0.14135714 | BG216: =$AY216*AL216*AN216 -> 0.14135714
A217: Logan Stankoven | B217: CAR | C217: =VLOOKUP(A217,CALC!$A$2:$C$494,3,FALSE) -> C/RW | D217: 2 | E217: 84 | F217: 21.3 | G217: 28.5 | H217: 49.8 | I217: 10.2 | J217: 175 | K217: 44.1 | L217: 24.5 | M217: 19.6 | N217: 0.122 | O217: 15.5 | P217: =IF(F$4="Yes",F217*F$5,0) -> 106.5 | Q217: =IF(G$4="Yes",G217*G$5,0) -> 106.875 | R217: =IF(H$4="Yes",H217*H$5,0) -> 49.8 | S217: =IF(I$4="Yes",I217*I$5,0) -> 5.1 | T217: =IF(J$4="Yes",J217*J$5,0) -> 87.5 | U217: =IF(K$4="Yes",K217*K$5,0) -> 13.23 | V217: =IF(L$4="Yes",L217*L$5,0) -> 14.7 | W217: =IF(M$4="Yes",M217*M$5,0) -> 19.6 | ... Y217: =IF(O$4="Yes",O217*O$5,0) -> 0 | Z217: =SUM(P217:Y217) -> 403.427 | AA217: =Z217/E217 -> 4.8027024 | AB217: =IF(AND($P$3="Yes",$R$3="Full Effect",$U$3="Full Effect"),$BG217,IF(AND($P$3="Yes",$R$3="Medium Effect",$U$3="Full Effect"),$BE217,IF(AND($P$3="Yes",$R$3="Full Effect",$U$3="Medium Effect"),$BF217,IF(AND($P$3="Yes",$R$3="Medium Effect",$U$3="Medium Effect"),$BD217,IF(AND($P$3="Yes",$R$3="No Effect",$U$3="Medium Effect"),$BB217,IF(AND($P$3="Yes",$R$3="No Effect",$U$3="Full Effect"),$BC217,IF(AND($P$3="Yes",$R$3="Medium Effect",$U$3="No Effect"),$AZ217,IF(AND($P$3="Yes",$R$3="Full Effect",$U$3="No Effect"),$BA217,IF(AND($P$3="No",$R$3="Full Effect",$U$3="Full Effect"),$AX217,IF(AND($P$3="No",$R$3="Medium Effect",$U$3="Full Effect"),$AV217,IF(AND($P$3="No",$R$3="Full Effect",$U$3="Medium Effect"),$AW217,IF(AND($P$3="No",$R$3="Medium Effect",$U$3="Medium Effect"),$AU217,IF(AND($P$3="No",$R$3="No Effect",$U$3="Medium Effect"),$AS217,IF(AND($P$3="No",$R$3="No Effect",$U$3="Full Effect"),$AT217,IF(AND($P$3="No",$R$3="Medium Effect",$U$3="No Effect"),$AQ217,IF(AND($P$3="No",$R$3="Full Effect",$U$3="No Effect"),$AR217,IF(AND($P212="Yes",$R$3="No Effect",$U$3="No Effect"),$AY217,"Use FPTS per GP"))))))))))))))))) -> -0.95867429 | AL217: =IFERROR(VLOOKUP(C217,CALC!$K$2:$M$8,2,FALSE),1) -> 1.01 | AM217: =IFERROR(VLOOKUP(C217,CALC!$K$2:$M$8,3,FALSE),1) -> 1.005 | AN217: =VLOOKUP(B217,CALC!$E$2:$H$33,3,FALSE) -> 1 | AO217: =VLOOKUP(B217,CALC!$E$2:$H$33,4,FALSE) -> 1 | AQ217: =$AA217*AM217 -> 4.8267159 | AR217: =$AA217*AL217 -> 4.8507294 | AS217: =$AA217*AO217 -> 4.8027024 | AT217: =$AA217*AN217 -> 4.8027024 | AU217: =$AA217*AM217*AO217 -> 4.8267159 | AV217: =$AA217*AM217*AN217 -> 4.8267159 | AW217: =$AA217*AL217*AO217 -> 4.8507294 | AX217: =$AA217*AL217*AN217 -> 4.8507294 | AY217: =IF($C217="D",$AA217-$AE$3,$AA217-$AD$3) -> -0.95390476 | AZ217: =$AY217*AM217 -> -0.95867429 | BA217: =$AY217*AL217 -> -0.96344381 | BB217: =$AY217*AO217 -> -0.95390476 | BC217: =$AY217*AN217 -> -0.95390476 | BD217: =$AY217*AM217*AO217 -> -0.95867429 | BE217: =$AY217*AM217*AN217 -> -0.95867429 | BF217: =$AY217*AL217*AO217 -> -0.96344381 | BG217: =$AY217*AL217*AN217 -> -0.96344381
A218: Vasily Podkolzin | B218: EDM | C218: =VLOOKUP(A218,CALC!$A$2:$C$494,3,FALSE) -> LW/RW | D218: 2 | E218: 84 | F218: 17.4 | G218: 19.6 | H218: 37 | I218: 3 | J218: 135.9 | K218: 235.2 | L218: 53.9 | M218: 58.8 | N218: 0.128 | O218: 14.5 | P218: =IF(F$4="Yes",F218*F$5,0) -> 87 | Q218: =IF(G$4="Yes",G218*G$5,0) -> 73.5 | R218: =IF(H$4="Yes",H218*H$5,0) -> 37 | S218: =IF(I$4="Yes",I218*I$5,0) -> 1.5 | T218: =IF(J$4="Yes",J218*J$5,0) -> 67.95 | U218: =IF(K$4="Yes",K218*K$5,0) -> 70.56 | V218: =IF(L$4="Yes",L218*L$5,0) -> 32.34 | W218: =IF(M$4="Yes",M218*M$5,0) -> 58.8 | ... Y218: =IF(O$4="Yes",O218*O$5,0) -> 0 | Z218: =SUM(P218:Y218) -> 428.778 | AA218: =Z218/E218 -> 5.1045 | AB218: =IF(AND($P$3="Yes",$R$3="Full Effect",$U$3="Full Effect"),$BG218,IF(AND($P$3="Yes",$R$3="Medium Effect",$U$3="Full Effect"),$BE218,IF(AND($P$3="Yes",$R$3="Full Effect",$U$3="Medium Effect"),$BF218,IF(AND($P$3="Yes",$R$3="Medium Effect",$U$3="Medium Effect"),$BD218,IF(AND($P$3="Yes",$R$3="No Effect",$U$3="Medium Effect"),$BB218,IF(AND($P$3="Yes",$R$3="No Effect",$U$3="Full Effect"),$BC218,IF(AND($P$3="Yes",$R$3="Medium Effect",$U$3="No Effect"),$AZ218,IF(AND($P$3="Yes",$R$3="Full Effect",$U$3="No Effect"),$BA218,IF(AND($P$3="No",$R$3="Full Effect",$U$3="Full Effect"),$AX218,IF(AND($P$3="No",$R$3="Medium Effect",$U$3="Full Effect"),$AV218,IF(AND($P$3="No",$R$3="Full Effect",$U$3="Medium Effect"),$AW218,IF(AND($P$3="No",$R$3="Medium Effect",$U$3="Medium Effect"),$AU218,IF(AND($P$3="No",$R$3="No Effect",$U$3="Medium Effect"),$AS218,IF(AND($P$3="No",$R$3="No Effect",$U$3="Full Effect"),$AT218,IF(AND($P$3="No",$R$3="Medium Effect",$U$3="No Effect"),$AQ218,IF(AND($P$3="No",$R$3="Full Effect",$U$3="No Effect"),$AR218,IF(AND($P213="Yes",$R$3="No Effect",$U$3="No Effect"),$AY218,"Use FPTS per GP"))))))))))))))))) -> -0.70871004 | AL218: =IFERROR(VLOOKUP(C218,CALC!$K$2:$M$8,2,FALSE),1) -> 1.08 | AM218: =IFERROR(VLOOKUP(C218,CALC!$K$2:$M$8,3,FALSE),1) -> 1.04 | AN218: =VLOOKUP(B218,CALC!$E$2:$H$33,3,FALSE) -> 1.09 | AO218: =VLOOKUP(B218,CALC!$E$2:$H$33,4,FALSE) -> 1.045 | AQ218: =$AA218*AM218 -> 5.30868 | AR218: =$AA218*AL218 -> 5.51286 | AS218: =$AA218*AO218 -> 5.3342025 | AT218: =$AA218*AN218 -> 5.563905 | AU218: =$AA218*AM218*AO218 -> 5.5475706 | AV218: =$AA218*AM218*AN218 -> 5.7864612 | AW218: =$AA218*AL218*AO218 -> 5.7609387 | AX218: =$AA218*AL218*AN218 -> 6.0090174 | AY218: =IF($C218="D",$AA218-$AE$3,$AA218-$AD$3) -> -0.65210714 | AZ218: =$AY218*AM218 -> -0.67819143 | BA218: =$AY218*AL218 -> -0.70427571 | BB218: =$AY218*AO218 -> -0.68145196 | BC218: =$AY218*AN218 -> -0.71079679 | BD218: =$AY218*AM218*AO218 -> -0.70871004 | BE218: =$AY218*AM218*AN218 -> -0.73922866 | BF218: =$AY218*AL218*AO218 -> -0.73596812 | BG218: =$AY218*AL218*AN218 -> -0.76766053
A219: Rasmus Andersson | B219: VGK | C219: =VLOOKUP(A219,CALC!$A$2:$C$494,3,FALSE) -> D | D219: 2 | E219: 84 | F219: 11.7 | G219: 24.8 | H219: 36.5 | I219: 6.5 | J219: 155.6 | K219: 30.3 | L219: 150.4 | M219: 56 | N219: 0.075 | O219: 21.5 | P219: =IF(F$4="Yes",F219*F$5,0) -> 58.5 | Q219: =IF(G$4="Yes",G219*G$5,0) -> 93 | R219: =IF(H$4="Yes",H219*H$5,0) -> 36.5 | S219: =IF(I$4="Yes",I219*I$5,0) -> 3.25 | T219: =IF(J$4="Yes",J219*J$5,0) -> 77.8 | U219: =IF(K$4="Yes",K219*K$5,0) -> 9.09 | V219: =IF(L$4="Yes",L219*L$5,0) -> 90.24 | W219: =IF(M$4="Yes",M219*M$5,0) -> 56 | ... Y219: =IF(O$4="Yes",O219*O$5,0) -> 0 | Z219: =SUM(P219:Y219) -> 424.455 | AA219: =Z219/E219 -> 5.0530357 | AB219: =IF(AND($P$3="Yes",$R$3="Full Effect",$U$3="Full Effect"),$BG219,IF(AND($P$3="Yes",$R$3="Medium Effect",$U$3="Full Effect"),$BE219,IF(AND($P$3="Yes",$R$3="Full Effect",$U$3="Medium Effect"),$BF219,IF(AND($P$3="Yes",$R$3="Medium Effect",$U$3="Medium Effect"),$BD219,IF(AND($P$3="Yes",$R$3="No Effect",$U$3="Medium Effect"),$BB219,IF(AND($P$3="Yes",$R$3="No Effect",$U$3="Full Effect"),$BC219,IF(AND($P$3="Yes",$R$3="Medium Effect",$U$3="No Effect"),$AZ219,IF(AND($P$3="Yes",$R$3="Full Effect",$U$3="No Effect"),$BA219,IF(AND($P$3="No",$R$3="Full Effect",$U$3="Full Effect"),$AX219,IF(AND($P$3="No",$R$3="Medium Effect",$U$3="Full Effect"),$AV219,IF(AND($P$3="No",$R$3="Full Effect",$U$3="Medium Effect"),$AW219,IF(AND($P$3="No",$R$3="Medium Effect",$U$3="Medium Effect"),$AU219,IF(AND($P$3="No",$R$3="No Effect",$U$3="Medium Effect"),$AS219,IF(AND($P$3="No",$R$3="No Effect",$U$3="Full Effect"),$AT219,IF(AND($P$3="No",$R$3="Medium Effect",$U$3="No Effect"),$AQ219,IF(AND($P$3="No",$R$3="Full Effect",$U$3="No Effect"),$AR219,IF(AND($P214="Yes",$R$3="No Effect",$U$3="No Effect"),$AY219,"Use FPTS per GP"))))))))))))))))) -> 0.13841667 | AL219: =IFERROR(VLOOKUP(C219,CALC!$K$2:$M$8,2,FALSE),1) -> 1 | AM219: =IFERROR(VLOOKUP(C219,CALC!$K$2:$M$8,3,FALSE),1) -> 1 | AN219: =VLOOKUP(B219,CALC!$E$2:$H$33,3,FALSE) -> 1 | AO219: =VLOOKUP(B219,CALC!$E$2:$H$33,4,FALSE) -> 1 | AQ219: =$AA219*AM219 -> 5.0530357 | AR219: =$AA219*AL219 -> 5.0530357 | AS219: =$AA219*AO219 -> 5.0530357 | AT219: =$AA219*AN219 -> 5.0530357 | AU219: =$AA219*AM219*AO219 -> 5.0530357 | AV219: =$AA219*AM219*AN219 -> 5.0530357 | AW219: =$AA219*AL219*AO219 -> 5.0530357 | AX219: =$AA219*AL219*AN219 -> 5.0530357 | AY219: =IF($C219="D",$AA219-$AE$3,$AA219-$AD$3) -> 0.13841667 | AZ219: =$AY219*AM219 -> 0.13841667 | BA219: =$AY219*AL219 -> 0.13841667 | BB219: =$AY219*AO219 -> 0.13841667 | BC219: =$AY219*AN219 -> 0.13841667 | BD219: =$AY219*AM219*AO219 -> 0.13841667 | BE219: =$AY219*AM219*AN219 -> 0.13841667 | BF219: =$AY219*AL219*AO219 -> 0.13841667 | BG219: =$AY219*AL219*AN219 -> 0.13841667
A220: Pavel Zacha | B220: BOS | C220: =VLOOKUP(A220,CALC!$A$2:$C$494,3,FALSE) -> C/LW | D220: 2 | E220: 84 | F220: 19.7 | G220: 34.1 | H220: 53.9 | I220: 10.9 | J220: 131.6 | K220: 62.3 | L220: 25.9 | M220: 21.5 | N220: 0.15 | O220: 16.25 | P220: =IF(F$4="Yes",F220*F$5,0) -> 98.5 | Q220: =IF(G$4="Yes",G220*G$5,0) -> 127.875 | R220: =IF(H$4="Yes",H220*H$5,0) -> 53.9 | S220: =IF(I$4="Yes",I220*I$5,0) -> 5.45 | T220: =IF(J$4="Yes",J220*J$5,0) -> 65.8 | U220: =IF(K$4="Yes",K220*K$5,0) -> 18.69 | V220: =IF(L$4="Yes",L220*L$5,0) -> 15.54 | W220: =IF(M$4="Yes",M220*M$5,0) -> 21.5 | ... Y220: =IF(O$4="Yes",O220*O$5,0) -> 0 | Z220: =SUM(P220:Y220) -> 407.405 | AA220: =Z220/E220 -> 4.8500595 | AB220: =IF(AND($P$3="Yes",$R$3="Full Effect",$U$3="Full Effect"),$BG220,IF(AND($P$3="Yes",$R$3="Medium Effect",$U$3="Full Effect"),$BE220,IF(AND($P$3="Yes",$R$3="Full Effect",$U$3="Medium Effect"),$BF220,IF(AND($P$3="Yes",$R$3="Medium Effect",$U$3="Medium Effect"),$BD220,IF(AND($P$3="Yes",$R$3="No Effect",$U$3="Medium Effect"),$BB220,IF(AND($P$3="Yes",$R$3="No Effect",$U$3="Full Effect"),$BC220,IF(AND($P$3="Yes",$R$3="Medium Effect",$U$3="No Effect"),$AZ220,IF(AND($P$3="Yes",$R$3="Full Effect",$U$3="No Effect"),$BA220,IF(AND($P$3="No",$R$3="Full Effect",$U$3="Full Effect"),$AX220,IF(AND($P$3="No",$R$3="Medium Effect",$U$3="Full Effect"),$AV220,IF(AND($P$3="No",$R$3="Full Effect",$U$3="Medium Effect"),$AW220,IF(AND($P$3="No",$R$3="Medium Effect",$U$3="Medium Effect"),$AU220,IF(AND($P$3="No",$R$3="No Effect",$U$3="Medium Effect"),$AS220,IF(AND($P$3="No",$R$3="No Effect",$U$3="Full Effect"),$AT220,IF(AND($P$3="No",$R$3="Medium Effect",$U$3="No Effect"),$AQ220,IF(AND($P$3="No",$R$3="Full Effect",$U$3="No Effect"),$AR220,IF(AND($P215="Yes",$R$3="No Effect",$U$3="No Effect"),$AY220,"Use FPTS per GP"))))))))))))))))) -> -0.91418528 | AL220: =IFERROR(VLOOKUP(C220,CALC!$K$2:$M$8,2,FALSE),1) -> 1.09 | AM220: =IFERROR(VLOOKUP(C220,CALC!$K$2:$M$8,3,FALSE),1) -> 1.045 | AN220: =VLOOKUP(B220,CALC!$E$2:$H$33,3,FALSE) -> 0.93 | AO220: =VLOOKUP(B220,CALC!$E$2:$H$33,4,FALSE) -> 0.965 | AQ220: =$AA220*AM220 -> 5.0683122 | AR220: =$AA220*AL220 -> 5.2865649 | AS220: =$AA220*AO220 -> 4.6803074 | AT220: =$AA220*AN220 -> 4.5105554 | AU220: =$AA220*AM220*AO220 -> 4.8909213 | AV220: =$AA220*AM220*AN220 -> 4.7135303 | AW220: =$AA220*AL220*AO220 -> 5.1015351 | AX220: =$AA220*AL220*AN220 -> 4.9165053 | AY220: =IF($C220="D",$AA220-$AE$3,$AA220-$AD$3) -> -0.90654762 | AZ220: =$AY220*AM220 -> -0.94734226 | BA220: =$AY220*AL220 -> -0.9881369 | BB220: =$AY220*AO220 -> -0.87481845 | BC220: =$AY220*AN220 -> -0.84308929 | BD220: =$AY220*AM220*AO220 -> -0.91418528 | BE220: =$AY220*AM220*AN220 -> -0.8810283 | BF220: =$AY220*AL220*AO220 -> -0.95355211 | BG220: =$AY220*AL220*AN220 -> -0.91896732
A221: Sam Malinski | B221: COL | C221: =VLOOKUP(A221,CALC!$A$2:$C$494,3,FALSE) -> D | E221: 84 | F221: 9.1 | G221: 29.2 | H221: 38.3 | I221: 1.7 | J221: 186.6 | K221: 51.8 | L221: 111.7 | M221: 22.2 | N221: 0.049 | O221: 19 | P221: =IF(F$4="Yes",F221*F$5,0) -> 45.5 | Q221: =IF(G$4="Yes",G221*G$5,0) -> 109.5 | R221: =IF(H$4="Yes",H221*H$5,0) -> 38.3 | S221: =IF(I$4="Yes",I221*I$5,0) -> 0.85 | T221: =IF(J$4="Yes",J221*J$5,0) -> 93.3 | U221: =IF(K$4="Yes",K221*K$5,0) -> 15.54 | V221: =IF(L$4="Yes",L221*L$5,0) -> 67.02 | W221: =IF(M$4="Yes",M221*M$5,0) -> 22.2 | ... Y221: =IF(O$4="Yes",O221*O$5,0) -> 0 | Z221: =SUM(P221:Y221) -> 392.259 | AA221: =Z221/E221 -> 4.66975 | AB221: =IF(AND($P$3="Yes",$R$3="Full Effect",$U$3="Full Effect"),$BG221,IF(AND($P$3="Yes",$R$3="Medium Effect",$U$3="Full Effect"),$BE221,IF(AND($P$3="Yes",$R$3="Full Effect",$U$3="Medium Effect"),$BF221,IF(AND($P$3="Yes",$R$3="Medium Effect",$U$3="Medium Effect"),$BD221,IF(AND($P$3="Yes",$R$3="No Effect",$U$3="Medium Effect"),$BB221,IF(AND($P$3="Yes",$R$3="No Effect",$U$3="Full Effect"),$BC221,IF(AND($P$3="Yes",$R$3="Medium Effect",$U$3="No Effect"),$AZ221,IF(AND($P$3="Yes",$R$3="Full Effect",$U$3="No Effect"),$BA221,IF(AND($P$3="No",$R$3="Full Effect",$U$3="Full Effect"),$AX221,IF(AND($P$3="No",$R$3="Medium Effect",$U$3="Full Effect"),$AV221,IF(AND($P$3="No",$R$3="Full Effect",$U$3="Medium Effect"),$AW221,IF(AND($P$3="No",$R$3="Medium Effect",$U$3="Medium Effect"),$AU221,IF(AND($P$3="No",$R$3="No Effect",$U$3="Medium Effect"),$AS221,IF(AND($P$3="No",$R$3="No Effect",$U$3="Full Effect"),$AT221,IF(AND($P$3="No",$R$3="Medium Effect",$U$3="No Effect"),$AQ221,IF(AND($P$3="No",$R$3="Full Effect",$U$3="No Effect"),$AR221,IF(AND($P216="Yes",$R$3="No Effect",$U$3="No Effect"),$AY221,"Use FPTS per GP"))))))))))))))))) -> -0.26200988 | AL221: =IFERROR(VLOOKUP(C221,CALC!$K$2:$M$8,2,FALSE),1) -> 1 | AM221: =IFERROR(VLOOKUP(C221,CALC!$K$2:$M$8,3,FALSE),1) -> 1 | AN221: =VLOOKUP(B221,CALC!$E$2:$H$33,3,FALSE) -> 1.14 | AO221: =VLOOKUP(B221,CALC!$E$2:$H$33,4,FALSE) -> 1.07 | AQ221: =$AA221*AM221 -> 4.66975 | AR221: =$AA221*AL221 -> 4.66975 | AS221: =$AA221*AO221 -> 4.9966325 | AT221: =$AA221*AN221 -> 5.323515 | AU221: =$AA221*AM221*AO221 -> 4.9966325 | AV221: =$AA221*AM221*AN221 -> 5.323515 | AW221: =$AA221*AL221*AO221 -> 4.9966325 | AX221: =$AA221*AL221*AN221 -> 5.323515 | AY221: =IF($C221="D",$AA221-$AE$3,$AA221-$AD$3) -> -0.24486905 | AZ221: =$AY221*AM221 -> -0.24486905 | BA221: =$AY221*AL221 -> -0.24486905 | BB221: =$AY221*AO221 -> -0.26200988 | BC221: =$AY221*AN221 -> -0.27915071 | BD221: =$AY221*AM221*AO221 -> -0.26200988 | BE221: =$AY221*AM221*AN221 -> -0.27915071 | BF221: =$AY221*AL221*AO221 -> -0.26200988 | BG221: =$AY221*AL221*AN221 -> -0.27915071
A222: Tyler Seguin | B222: DAL | C222: =VLOOKUP(A222,CALC!$A$2:$C$494,3,FALSE) -> C/RW | D222: 2 | E222: 84 | F222: 24 | G222: 28 | H222: 52 | I222: 10.7 | J222: 146.3 | K222: 49.9 | L222: 20 | M222: 10.8 | N222: 0.164 | O222: 16.25 | P222: =IF(F$4="Yes",F222*F$5,0) -> 120 | Q222: =IF(G$4="Yes",G222*G$5,0) -> 105 | R222: =IF(H$4="Yes",H222*H$5,0) -> 52 | S222: =IF(I$4="Yes",I222*I$5,0) -> 5.35 | T222: =IF(J$4="Yes",J222*J$5,0) -> 73.15 | U222: =IF(K$4="Yes",K222*K$5,0) -> 14.97 | V222: =IF(L$4="Yes",L222*L$5,0) -> 12 | W222: =IF(M$4="Yes",M222*M$5,0) -> 10.8 | ... Y222: =IF(O$4="Yes",O222*O$5,0) -> 0 | Z222: =SUM(P222:Y222) -> 393.434 | AA222: =Z222/E222 -> 4.6837381 | AB222: =IF(AND($P$3="Yes",$R$3="Full Effect",$U$3="Full Effect"),$BG222,IF(AND($P$3="Yes",$R$3="Medium Effect",$U$3="Full Effect"),$BE222,IF(AND($P$3="Yes",$R$3="Full Effect",$U$3="Medium Effect"),$BF222,IF(AND($P$3="Yes",$R$3="Medium Effect",$U$3="Medium Effect"),$BD222,IF(AND($P$3="Yes",$R$3="No Effect",$U$3="Medium Effect"),$BB222,IF(AND($P$3="Yes",$R$3="No Effect",$U$3="Full Effect"),$BC222,IF(AND($P$3="Yes",$R$3="Medium Effect",$U$3="No Effect"),$AZ222,IF(AND($P$3="Yes",$R$3="Full Effect",$U$3="No Effect"),$BA222,IF(AND($P$3="No",$R$3="Full Effect",$U$3="Full Effect"),$AX222,IF(AND($P$3="No",$R$3="Medium Effect",$U$3="Full Effect"),$AV222,IF(AND($P$3="No",$R$3="Full Effect",$U$3="Medium Effect"),$AW222,IF(AND($P$3="No",$R$3="Medium Effect",$U$3="Medium Effect"),$AU222,IF(AND($P$3="No",$R$3="No Effect",$U$3="Medium Effect"),$AS222,IF(AND($P$3="No",$R$3="No Effect",$U$3="Full Effect"),$AT222,IF(AND($P$3="No",$R$3="Medium Effect",$U$3="No Effect"),$AQ222,IF(AND($P$3="No",$R$3="Full Effect",$U$3="No Effect"),$AR222,IF(AND($P217="Yes",$R$3="No Effect",$U$3="No Effect"),$AY222,"Use FPTS per GP"))))))))))))))))) -> -1.0997981 | AL222: =IFERROR(VLOOKUP(C222,CALC!$K$2:$M$8,2,FALSE),1) -> 1.01 | AM222: =IFERROR(VLOOKUP(C222,CALC!$K$2:$M$8,3,FALSE),1) -> 1.005 | AN222: =VLOOKUP(B222,CALC!$E$2:$H$33,3,FALSE) -> 1.04 | AO222: =VLOOKUP(B222,CALC!$E$2:$H$33,4,FALSE) -> 1.02 | AQ222: =$AA222*AM222 -> 4.7071568 | AR222: =$AA222*AL222 -> 4.7305755 | AS222: =$AA222*AO222 -> 4.7774129 | AT222: =$AA222*AN222 -> 4.8710876 | AU222: =$AA222*AM222*AO222 -> 4.8012999 | AV222: =$AA222*AM222*AN222 -> 4.8954431 | AW222: =$AA222*AL222*AO222 -> 4.825187 | AX222: =$AA222*AL222*AN222 -> 4.9197985 | AY222: =IF($C222="D",$AA222-$AE$3,$AA222-$AD$3) -> -1.072869 | AZ222: =$AY222*AM222 -> -1.0782334 | BA222: =$AY222*AL222 -> -1.0835977 | BB222: =$AY222*AO222 -> -1.0943264 | BC222: =$AY222*AN222 -> -1.1157838 | BD222: =$AY222*AM222*AO222 -> -1.0997981 | BE222: =$AY222*AM222*AN222 -> -1.1213627 | BF222: =$AY222*AL222*AO222 -> -1.1052697 | BG222: =$AY222*AL222*AN222 -> -1.1269416
A223: Mattias Ekholm | B223: EDM | C223: =VLOOKUP(A223,CALC!$A$2:$C$494,3,FALSE) -> D | D223: 2 | E223: 84 | F223: 6.9 | G223: 33.4 | H223: 40.3 | I223: 2.6 | J223: 138.3 | K223: 69.7 | L223: 132 | M223: 33.2 | N223: 0.05 | O223: 20.5 | P223: =IF(F$4="Yes",F223*F$5,0) -> 34.5 | Q223: =IF(G$4="Yes",G223*G$5,0) -> 125.25 | R223: =IF(H$4="Yes",H223*H$5,0) -> 40.3 | S223: =IF(I$4="Yes",I223*I$5,0) -> 1.3 | T223: =IF(J$4="Yes",J223*J$5,0) -> 69.15 | U223: =IF(K$4="Yes",K223*K$5,0) -> 20.91 | V223: =IF(L$4="Yes",L223*L$5,0) -> 79.2 | W223: =IF(M$4="Yes",M223*M$5,0) -> 33.2 | ... Y223: =IF(O$4="Yes",O223*O$5,0) -> 0 | Z223: =SUM(P223:Y223) -> 403.86 | AA223: =Z223/E223 -> 4.8078571 | AB223: =IF(AND($P$3="Yes",$R$3="Full Effect",$U$3="Full Effect"),$BG223,IF(AND($P$3="Yes",$R$3="Medium Effect",$U$3="Full Effect"),$BE223,IF(AND($P$3="Yes",$R$3="Full Effect",$U$3="Medium Effect"),$BF223,IF(AND($P$3="Yes",$R$3="Medium Effect",$U$3="Medium Effect"),$BD223,IF(AND($P$3="Yes",$R$3="No Effect",$U$3="Medium Effect"),$BB223,IF(AND($P$3="Yes",$R$3="No Effect",$U$3="Full Effect"),$BC223,IF(AND($P$3="Yes",$R$3="Medium Effect",$U$3="No Effect"),$AZ223,IF(AND($P$3="Yes",$R$3="Full Effect",$U$3="No Effect"),$BA223,IF(AND($P$3="No",$R$3="Full Effect",$U$3="Full Effect"),$AX223,IF(AND($P$3="No",$R$3="Medium Effect",$U$3="Full Effect"),$AV223,IF(AND($P$3="No",$R$3="Full Effect",$U$3="Medium Effect"),$AW223,IF(AND($P$3="No",$R$3="Medium Effect",$U$3="Medium Effect"),$AU223,IF(AND($P$3="No",$R$3="No Effect",$U$3="Medium Effect"),$AS223,IF(AND($P$3="No",$R$3="No Effect",$U$3="Full Effect"),$AT223,IF(AND($P$3="No",$R$3="Medium Effect",$U$3="No Effect"),$AQ223,IF(AND($P$3="No",$R$3="Full Effect",$U$3="No Effect"),$AR223,IF(AND($P218="Yes",$R$3="No Effect",$U$3="No Effect"),$AY223,"Use FPTS per GP"))))))))))))))))) -> -0.11156619 | AL223: =IFERROR(VLOOKUP(C223,CALC!$K$2:$M$8,2,FALSE),1) -> 1 | AM223: =IFERROR(VLOOKUP(C223,CALC!$K$2:$M$8,3,FALSE),1) -> 1 | AN223: =VLOOKUP(B223,CALC!$E$2:$H$33,3,FALSE) -> 1.09 | AO223: =VLOOKUP(B223,CALC!$E$2:$H$33,4,FALSE) -> 1.045 | AQ223: =$AA223*AM223 -> 4.8078571 | AR223: =$AA223*AL223 -> 4.8078571 | AS223: =$AA223*AO223 -> 5.0242107 | AT223: =$AA223*AN223 -> 5.2405643 | AU223: =$AA223*AM223*AO223 -> 5.0242107 | AV223: =$AA223*AM223*AN223 -> 5.2405643 | AW223: =$AA223*AL223*AO223 -> 5.0242107 | AX223: =$AA223*AL223*AN223 -> 5.2405643 | AY223: =IF($C223="D",$AA223-$AE$3,$AA223-$AD$3) -> -0.1067619 | AZ223: =$AY223*AM223 -> -0.1067619 | BA223: =$AY223*AL223 -> -0.1067619 | BB223: =$AY223*AO223 -> -0.11156619 | BC223: =$AY223*AN223 -> -0.11637048 | BD223: =$AY223*AM223*AO223 -> -0.11156619 | BE223: =$AY223*AM223*AN223 -> -0.11637048 | BF223: =$AY223*AL223*AO223 -> -0.11156619 | BG223: =$AY223*AL223*AN223 -> -0.11637048
A224: Chandler Stephenson | B224: SEA | C224: =VLOOKUP(A224,CALC!$A$2:$C$494,3,FALSE) -> C | D224: 1 | E224: 84 | F224: 16.9 | G224: 38.1 | H224: 54.9 | I224: 16.6 | J224: 97.9 | K224: 22.9 | L224: 60.4 | M224: 17.8 | N224: 0.172 | O224: 19.75 | P224: =IF(F$4="Yes",F224*F$5,0) -> 84.5 | Q224: =IF(G$4="Yes",G224*G$5,0) -> 142.875 | R224: =IF(H$4="Yes",H224*H$5,0) -> 54.9 | S224: =IF(I$4="Yes",I224*I$5,0) -> 8.3 | T224: =IF(J$4="Yes",J224*J$5,0) -> 48.95 | U224: =IF(K$4="Yes",K224*K$5,0) -> 6.87 | V224: =IF(L$4="Yes",L224*L$5,0) -> 36.24 | W224: =IF(M$4="Yes",M224*M$5,0) -> 17.8 | ... Y224: =IF(O$4="Yes",O224*O$5,0) -> 0 | Z224: =SUM(P224:Y224) -> 400.607 | AA224: =Z224/E224 -> 4.769131 | AB224: =IF(AND($P$3="Yes",$R$3="Full Effect",$U$3="Full Effect"),$BG224,IF(AND($P$3="Yes",$R$3="Medium Effect",$U$3="Full Effect"),$BE224,IF(AND($P$3="Yes",$R$3="Full Effect",$U$3="Medium Effect"),$BF224,IF(AND($P$3="Yes",$R$3="Medium Effect",$U$3="Medium Effect"),$BD224,IF(AND($P$3="Yes",$R$3="No Effect",$U$3="Medium Effect"),$BB224,IF(AND($P$3="Yes",$R$3="No Effect",$U$3="Full Effect"),$BC224,IF(AND($P$3="Yes",$R$3="Medium Effect",$U$3="No Effect"),$AZ224,IF(AND($P$3="Yes",$R$3="Full Effect",$U$3="No Effect"),$BA224,IF(AND($P$3="No",$R$3="Full Effect",$U$3="Full Effect"),$AX224,IF(AND($P$3="No",$R$3="Medium Effect",$U$3="Full Effect"),$AV224,IF(AND($P$3="No",$R$3="Full Effect",$U$3="Medium Effect"),$AW224,IF(AND($P$3="No",$R$3="Medium Effect",$U$3="Medium Effect"),$AU224,IF(AND($P$3="No",$R$3="No Effect",$U$3="Medium Effect"),$AS224,IF(AND($P$3="No",$R$3="No Effect",$U$3="Full Effect"),$AT224,IF(AND($P$3="No",$R$3="Medium Effect",$U$3="No Effect"),$AQ224,IF(AND($P$3="No",$R$3="Full Effect",$U$3="No Effect"),$AR224,IF(AND($P219="Yes",$R$3="No Effect",$U$3="No Effect"),$AY224,"Use FPTS per GP"))))))))))))))))) -> -0.96772667 | AL224: =IFERROR(VLOOKUP(C224,CALC!$K$2:$M$8,2,FALSE),1) -> 0.96 | AM224: =IFERROR(VLOOKUP(C224,CALC!$K$2:$M$8,3,FALSE),1) -> 0.98 | AN224: =VLOOKUP(B224,CALC!$E$2:$H$33,3,FALSE) -> 1 | AO224: =VLOOKUP(B224,CALC!$E$2:$H$33,4,FALSE) -> 1 | AQ224: =$AA224*AM224 -> 4.6737483 | AR224: =$AA224*AL224 -> 4.5783657 | AS224: =$AA224*AO224 -> 4.769131 | AT224: =$AA224*AN224 -> 4.769131 | AU224: =$AA224*AM224*AO224 -> 4.6737483 | AV224: =$AA224*AM224*AN224 -> 4.6737483 | AW224: =$AA224*AL224*AO224 -> 4.5783657 | AX224: =$AA224*AL224*AN224 -> 4.5783657 | AY224: =IF($C224="D",$AA224-$AE$3,$AA224-$AD$3) -> -0.98747619 | AZ224: =$AY224*AM224 -> -0.96772667 | BA224: =$AY224*AL224 -> -0.94797714 | BB224: =$AY224*AO224 -> -0.98747619 | BC224: =$AY224*AN224 -> -0.98747619 | BD224: =$AY224*AM224*AO224 -> -0.96772667 | BE224: =$AY224*AM224*AN224 -> -0.96772667 | BF224: =$AY224*AL224*AO224 -> -0.94797714 | BG224: =$AY224*AL224*AN224 -> -0.94797714
A225: Mattias Samuelsson | B225: BUF | C225: =VLOOKUP(A225,CALC!$A$2:$C$494,3,FALSE) -> D | E225: 84 | F225: 8.7 | G225: 23.7 | H225: 32.4 | I225: 0 | J225: 104.8 | K225: 146.3 | L225: 163.9 | M225: 29.8 | N225: 0.083 | O225: 22.75 | P225: =IF(F$4="Yes",F225*F$5,0) -> 43.5 | Q225: =IF(G$4="Yes",G225*G$5,0) -> 88.875 | R225: =IF(H$4="Yes",H225*H$5,0) -> 32.4 | S225: =IF(I$4="Yes",I225*I$5,0) -> 0 | T225: =IF(J$4="Yes",J225*J$5,0) -> 52.4 | U225: =IF(K$4="Yes",K225*K$5,0) -> 43.89 | V225: =IF(L$4="Yes",L225*L$5,0) -> 98.34 | W225: =IF(M$4="Yes",M225*M$5,0) -> 29.8 | ... Y225: =IF(O$4="Yes",O225*O$5,0) -> 0 | Z225: =SUM(P225:Y225) -> 389.288 | AA225: =Z225/E225 -> 4.634381 | AB225: =IF(AND($P$3="Yes",$R$3="Full Effect",$U$3="Full Effect"),$BG225,IF(AND($P$3="Yes",$R$3="Medium Effect",$U$3="Full Effect"),$BE225,IF(AND($P$3="Yes",$R$3="Full Effect",$U$3="Medium Effect"),$BF225,IF(AND($P$3="Yes",$R$3="Medium Effect",$U$3="Medium Effect"),$BD225,IF(AND($P$3="Yes",$R$3="No Effect",$U$3="Medium Effect"),$BB225,IF(AND($P$3="Yes",$R$3="No Effect",$U$3="Full Effect"),$BC225,IF(AND($P$3="Yes",$R$3="Medium Effect",$U$3="No Effect"),$AZ225,IF(AND($P$3="Yes",$R$3="Full Effect",$U$3="No Effect"),$BA225,IF(AND($P$3="No",$R$3="Full Effect",$U$3="Full Effect"),$AX225,IF(AND($P$3="No",$R$3="Medium Effect",$U$3="Full Effect"),$AV225,IF(AND($P$3="No",$R$3="Full Effect",$U$3="Medium Effect"),$AW225,IF(AND($P$3="No",$R$3="Medium Effect",$U$3="Medium Effect"),$AU225,IF(AND($P$3="No",$R$3="No Effect",$U$3="Medium Effect"),$AS225,IF(AND($P$3="No",$R$3="No Effect",$U$3="Full Effect"),$AT225,IF(AND($P$3="No",$R$3="Medium Effect",$U$3="No Effect"),$AQ225,IF(AND($P$3="No",$R$3="Full Effect",$U$3="No Effect"),$AR225,IF(AND($P220="Yes",$R$3="No Effect",$U$3="No Effect"),$AY225,"Use FPTS per GP"))))))))))))))))) -> -0.27323214 | AL225: =IFERROR(VLOOKUP(C225,CALC!$K$2:$M$8,2,FALSE),1) -> 1 | AM225: =IFERROR(VLOOKUP(C225,CALC!$K$2:$M$8,3,FALSE),1) -> 1 | AN225: =VLOOKUP(B225,CALC!$E$2:$H$33,3,FALSE) -> 0.95 | AO225: =VLOOKUP(B225,CALC!$E$2:$H$33,4,FALSE) -> 0.975 | AQ225: =$AA225*AM225 -> 4.634381 | AR225: =$AA225*AL225 -> 4.634381 | AS225: =$AA225*AO225 -> 4.5185214 | AT225: =$AA225*AN225 -> 4.4026619 | AU225: =$AA225*AM225*AO225 -> 4.5185214 | AV225: =$AA225*AM225*AN225 -> 4.4026619 | AW225: =$AA225*AL225*AO225 -> 4.5185214 | AX225: =$AA225*AL225*AN225 -> 4.4026619 | AY225: =IF($C225="D",$AA225-$AE$3,$AA225-$AD$3) -> -0.2802381 | AZ225: =$AY225*AM225 -> -0.2802381 | BA225: =$AY225*AL225 -> -0.2802381 | BB225: =$AY225*AO225 -> -0.27323214 | BC225: =$AY225*AN225 -> -0.26622619 | BD225: =$AY225*AM225*AO225 -> -0.27323214 | BE225: =$AY225*AM225*AN225 -> -0.26622619 | BF225: =$AY225*AL225*AO225 -> -0.27323214 | BG225: =$AY225*AL225*AN225 -> -0.26622619
A226: William Karlsson | B226: VGK | C226: =VLOOKUP(A226,CALC!$A$2:$C$494,3,FALSE) -> C | D226: 2 | E226: 84 | F226: 19.7 | G226: 22.7 | H226: 42.4 | I226: 4.8 | J226: 183.2 | K226: 45.1 | L226: 58.5 | M226: 19.6 | N226: 0.108 | O226: 16.5 | P226: =IF(F$4="Yes",F226*F$5,0) -> 98.5 | Q226: =IF(G$4="Yes",G226*G$5,0) -> 85.125 | R226: =IF(H$4="Yes",H226*H$5,0) -> 42.4 | S226: =IF(I$4="Yes",I226*I$5,0) -> 2.4 | T226: =IF(J$4="Yes",J226*J$5,0) -> 91.6 | U226: =IF(K$4="Yes",K226*K$5,0) -> 13.53 | V226: =IF(L$4="Yes",L226*L$5,0) -> 35.1 | W226: =IF(M$4="Yes",M226*M$5,0) -> 19.6 | ... Y226: =IF(O$4="Yes",O226*O$5,0) -> 0 | Z226: =SUM(P226:Y226) -> 388.363 | AA226: =Z226/E226 -> 4.623369 | AB226: =IF(AND($P$3="Yes",$R$3="Full Effect",$U$3="Full Effect"),$BG226,IF(AND($P$3="Yes",$R$3="Medium Effect",$U$3="Full Effect"),$BE226,IF(AND($P$3="Yes",$R$3="Full Effect",$U$3="Medium Effect"),$BF226,IF(AND($P$3="Yes",$R$3="Medium Effect",$U$3="Medium Effect"),$BD226,IF(AND($P$3="Yes",$R$3="No Effect",$U$3="Medium Effect"),$BB226,IF(AND($P$3="Yes",$R$3="No Effect",$U$3="Full Effect"),$BC226,IF(AND($P$3="Yes",$R$3="Medium Effect",$U$3="No Effect"),$AZ226,IF(AND($P$3="Yes",$R$3="Full Effect",$U$3="No Effect"),$BA226,IF(AND($P$3="No",$R$3="Full Effect",$U$3="Full Effect"),$AX226,IF(AND($P$3="No",$R$3="Medium Effect",$U$3="Full Effect"),$AV226,IF(AND($P$3="No",$R$3="Full Effect",$U$3="Medium Effect"),$AW226,IF(AND($P$3="No",$R$3="Medium Effect",$U$3="Medium Effect"),$AU226,IF(AND($P$3="No",$R$3="No Effect",$U$3="Medium Effect"),$AS226,IF(AND($P$3="No",$R$3="No Effect",$U$3="Full Effect"),$AT226,IF(AND($P$3="No",$R$3="Medium Effect",$U$3="No Effect"),$AQ226,IF(AND($P$3="No",$R$3="Full Effect",$U$3="No Effect"),$AR226,IF(AND($P221="Yes",$R$3="No Effect",$U$3="No Effect"),$AY226,"Use FPTS per GP"))))))))))))))))) -> -1.1105733 | AL226: =IFERROR(VLOOKUP(C226,CALC!$K$2:$M$8,2,FALSE),1) -> 0.96 | AM226: =IFERROR(VLOOKUP(C226,CALC!$K$2:$M$8,3,FALSE),1) -> 0.98 | AN226: =VLOOKUP(B226,CALC!$E$2:$H$33,3,FALSE) -> 1 | AO226: =VLOOKUP(B226,CALC!$E$2:$H$33,4,FALSE) -> 1 | AQ226: =$AA226*AM226 -> 4.5309017 | AR226: =$AA226*AL226 -> 4.4384343 | AS226: =$AA226*AO226 -> 4.623369 | AT226: =$AA226*AN226 -> 4.623369 | AU226: =$AA226*AM226*AO226 -> 4.5309017 | AV226: =$AA226*AM226*AN226 -> 4.5309017 | AW226: =$AA226*AL226*AO226 -> 4.4384343 | AX226: =$AA226*AL226*AN226 -> 4.4384343 | AY226: =IF($C226="D",$AA226-$AE$3,$AA226-$AD$3) -> -1.1332381 | AZ226: =$AY226*AM226 -> -1.1105733 | BA226: =$AY226*AL226 -> -1.0879086 | BB226: =$AY226*AO226 -> -1.1332381 | BC226: =$AY226*AN226 -> -1.1332381 | BD226: =$AY226*AM226*AO226 -> -1.1105733 | BE226: =$AY226*AM226*AN226 -> -1.1105733 | BF226: =$AY226*AL226*AO226 -> -1.0879086 | BG226: =$AY226*AL226*AN226 -> -1.0879086
A227: Jonathan Marchessault | B227: NSH | C227: =VLOOKUP(A227,CALC!$A$2:$C$494,3,FALSE) -> LW/RW | D227: 2 | E227: 84 | F227: 19 | G227: 27.3 | H227: 46.3 | I227: 11.6 | J227: 166 | K227: 94.5 | L227: 16.3 | M227: 35.8 | N227: 0.114 | O227: 16 | P227: =IF(F$4="Yes",F227*F$5,0) -> 95 | Q227: =IF(G$4="Yes",G227*G$5,0) -> 102.375 | R227: =IF(H$4="Yes",H227*H$5,0) -> 46.3 | S227: =IF(I$4="Yes",I227*I$5,0) -> 5.8 | T227: =IF(J$4="Yes",J227*J$5,0) -> 83 | U227: =IF(K$4="Yes",K227*K$5,0) -> 28.35 | V227: =IF(L$4="Yes",L227*L$5,0) -> 9.78 | W227: =IF(M$4="Yes",M227*M$5,0) -> 35.8 | ... Y227: =IF(O$4="Yes",O227*O$5,0) -> 0 | Z227: =SUM(P227:Y227) -> 406.519 | AA227: =Z227/E227 -> 4.8395119 | AB227: =IF(AND($P$3="Yes",$R$3="Full Effect",$U$3="Full Effect"),$BG227,IF(AND($P$3="Yes",$R$3="Medium Effect",$U$3="Full Effect"),$BE227,IF(AND($P$3="Yes",$R$3="Full Effect",$U$3="Medium Effect"),$BF227,IF(AND($P$3="Yes",$R$3="Medium Effect",$U$3="Medium Effect"),$BD227,IF(AND($P$3="Yes",$R$3="No Effect",$U$3="Medium Effect"),$BB227,IF(AND($P$3="Yes",$R$3="No Effect",$U$3="Full Effect"),$BC227,IF(AND($P$3="Yes",$R$3="Medium Effect",$U$3="No Effect"),$AZ227,IF(AND($P$3="Yes",$R$3="Full Effect",$U$3="No Effect"),$BA227,IF(AND($P$3="No",$R$3="Full Effect",$U$3="Full Effect"),$AX227,IF(AND($P$3="No",$R$3="Medium Effect",$U$3="Full Effect"),$AV227,IF(AND($P$3="No",$R$3="Full Effect",$U$3="Medium Effect"),$AW227,IF(AND($P$3="No",$R$3="Medium Effect",$U$3="Medium Effect"),$AU227,IF(AND($P$3="No",$R$3="No Effect",$U$3="Medium Effect"),$AS227,IF(AND($P$3="No",$R$3="No Effect",$U$3="Full Effect"),$AT227,IF(AND($P$3="No",$R$3="Medium Effect",$U$3="No Effect"),$AQ227,IF(AND($P$3="No",$R$3="Full Effect",$U$3="No Effect"),$AR227,IF(AND($P222="Yes",$R$3="No Effect",$U$3="No Effect"),$AY227,"Use FPTS per GP"))))))))))))))))) -> -0.83932556 | AL227: =IFERROR(VLOOKUP(C227,CALC!$K$2:$M$8,2,FALSE),1) -> 1.08 | AM227: =IFERROR(VLOOKUP(C227,CALC!$K$2:$M$8,3,FALSE),1) -> 1.04 | AN227: =VLOOKUP(B227,CALC!$E$2:$H$33,3,FALSE) -> 0.76 | AO227: =VLOOKUP(B227,CALC!$E$2:$H$33,4,FALSE) -> 0.88 | AQ227: =$AA227*AM227 -> 5.0330924 | AR227: =$AA227*AL227 -> 5.2266729 | AS227: =$AA227*AO227 -> 4.2587705 | AT227: =$AA227*AN227 -> 3.678029 | AU227: =$AA227*AM227*AO227 -> 4.4291213 | AV227: =$AA227*AM227*AN227 -> 3.8251502 | AW227: =$AA227*AL227*AO227 -> 4.5994721 | AX227: =$AA227*AL227*AN227 -> 3.9722714 | AY227: =IF($C227="D",$AA227-$AE$3,$AA227-$AD$3) -> -0.91709524 | AZ227: =$AY227*AM227 -> -0.95377905 | BA227: =$AY227*AL227 -> -0.99046286 | BB227: =$AY227*AO227 -> -0.80704381 | BC227: =$AY227*AN227 -> -0.69699238 | BD227: =$AY227*AM227*AO227 -> -0.83932556 | BE227: =$AY227*AM227*AN227 -> -0.72487208 | BF227: =$AY227*AL227*AO227 -> -0.87160731 | BG227: =$AY227*AL227*AN227 -> -0.75275177
A228: Mike Matheson | B228: MTL | C228: =VLOOKUP(A228,CALC!$A$2:$C$494,3,FALSE) -> D | E228: 84 | F228: 6.8 | G228: 29.3 | H228: 36.1 | I228: 0.9 | J228: 122.1 | K228: 61.9 | L228: 166.5 | M228: 39 | N228: 0.056 | O228: 23.75 | P228: =IF(F$4="Yes",F228*F$5,0) -> 34 | Q228: =IF(G$4="Yes",G228*G$5,0) -> 109.875 | R228: =IF(H$4="Yes",H228*H$5,0) -> 36.1 | S228: =IF(I$4="Yes",I228*I$5,0) -> 0.45 | T228: =IF(J$4="Yes",J228*J$5,0) -> 61.05 | U228: =IF(K$4="Yes",K228*K$5,0) -> 18.57 | V228: =IF(L$4="Yes",L228*L$5,0) -> 99.9 | W228: =IF(M$4="Yes",M228*M$5,0) -> 39 | ... Y228: =IF(O$4="Yes",O228*O$5,0) -> 0 | Z228: =SUM(P228:Y228) -> 399.001 | AA228: =Z228/E228 -> 4.7500119 | AB228: =IF(AND($P$3="Yes",$R$3="Full Effect",$U$3="Full Effect"),$BG228,IF(AND($P$3="Yes",$R$3="Medium Effect",$U$3="Full Effect"),$BE228,IF(AND($P$3="Yes",$R$3="Full Effect",$U$3="Medium Effect"),$BF228,IF(AND($P$3="Yes",$R$3="Medium Effect",$U$3="Medium Effect"),$BD228,IF(AND($P$3="Yes",$R$3="No Effect",$U$3="Medium Effect"),$BB228,IF(AND($P$3="Yes",$R$3="No Effect",$U$3="Full Effect"),$BC228,IF(AND($P$3="Yes",$R$3="Medium Effect",$U$3="No Effect"),$AZ228,IF(AND($P$3="Yes",$R$3="Full Effect",$U$3="No Effect"),$BA228,IF(AND($P$3="No",$R$3="Full Effect",$U$3="Full Effect"),$AX228,IF(AND($P$3="No",$R$3="Medium Effect",$U$3="Full Effect"),$AV228,IF(AND($P$3="No",$R$3="Full Effect",$U$3="Medium Effect"),$AW228,IF(AND($P$3="No",$R$3="Medium Effect",$U$3="Medium Effect"),$AU228,IF(AND($P$3="No",$R$3="No Effect",$U$3="Medium Effect"),$AS228,IF(AND($P$3="No",$R$3="No Effect",$U$3="Full Effect"),$AT228,IF(AND($P$3="No",$R$3="Medium Effect",$U$3="No Effect"),$AQ228,IF(AND($P$3="No",$R$3="Full Effect",$U$3="No Effect"),$AR228,IF(AND($P223="Yes",$R$3="No Effect",$U$3="No Effect"),$AY228,"Use FPTS per GP"))))))))))))))))) -> -0.16460714 | AL228: =IFERROR(VLOOKUP(C228,CALC!$K$2:$M$8,2,FALSE),1) -> 1 | AM228: =IFERROR(VLOOKUP(C228,CALC!$K$2:$M$8,3,FALSE),1) -> 1 | AN228: =VLOOKUP(B228,CALC!$E$2:$H$33,3,FALSE) -> 1 | AO228: =VLOOKUP(B228,CALC!$E$2:$H$33,4,FALSE) -> 1 | AQ228: =$AA228*AM228 -> 4.7500119 | AR228: =$AA228*AL228 -> 4.7500119 | AS228: =$AA228*AO228 -> 4.7500119 | AT228: =$AA228*AN228 -> 4.7500119 | AU228: =$AA228*AM228*AO228 -> 4.7500119 | AV228: =$AA228*AM228*AN228 -> 4.7500119 | AW228: =$AA228*AL228*AO228 -> 4.7500119 | AX228: =$AA228*AL228*AN228 -> 4.7500119 | AY228: =IF($C228="D",$AA228-$AE$3,$AA228-$AD$3) -> -0.16460714 | AZ228: =$AY228*AM228 -> -0.16460714 | BA228: =$AY228*AL228 -> -0.16460714 | BB228: =$AY228*AO228 -> -0.16460714 | BC228: =$AY228*AN228 -> -0.16460714 | BD228: =$AY228*AM228*AO228 -> -0.16460714 | BE228: =$AY228*AM228*AN228 -> -0.16460714 | BF228: =$AY228*AL228*AO228 -> -0.16460714 | BG228: =$AY228*AL228*AN228 -> -0.16460714
